,listing_id,price_amt,price_avg_nightly,price_fees,price_rent,latitude,longitude,city,state,country,review_count,review_average,bathrooms,bedrooms,listing_url,book_with_confidence,crime_score
0,7554619,1379.0,172.38,,1379.0,33.77818613,-84.38074973,Atlanta,GA,US,2,5.0,1.0,1,https://www.homeaway.com/vacation-rental/p7554619?uni_id=6978903,True,373
1,7512702,1120.0,140.0,,1120.0,33.77834244,-84.39100332,Atlanta ,GA,US,1,4.0,1.0,1,https://www.homeaway.com/vacation-rental/p7512702?uni_id=6925236,True,1
2,v625088,3464.76,433.1,,3464.76,33.768265899999996,-84.35121590000001,Atlanta,GA,US,19,4.7894735,2.0,4,https://www.vrbo.com/625088?unitId=1172869,True,74
3,v1424850,1750.0,218.75,,1750.0,33.67009615,-84.38312558,Atlanta,GA,US,5,4.8,2.0,4,https://www.vrbo.com/1424850?unitId=1983355,True,38
4,7172028,1932.0,241.5,,1932.0,33.773268200000004,-84.38675440000002,Atlanta,GA,US,13,4.6153846,2.0,2,https://www.homeaway.com/vacation-rental/p7172028?uni_id=6340355,True,373
5,v1376109,1648.0,206.0,,1648.0,33.72246622,-84.4337468,Atlanta,GA,US,2,5.0,1.0,3,https://www.vrbo.com/1376109?unitId=1934463,True,107
6,v1417224,602.3,75.29,,602.3,33.7698875,-84.35430759999998,Atlanta,GA,US,1,5.0,1.0,1,https://www.vrbo.com/1417224?unitId=1975611,True,30
7,7187508,1112.0,139.0,,1112.0,33.724109999999996,-84.44851,Atlanta,GA,US,1,3.0,1.0,3,https://www.homeaway.com/vacation-rental/p7187508?uni_id=6362188,True,36
8,7130050,918.0,114.75,,918.0,33.81047814,-84.36742321,Atlanta,GA,US,5,4.8,1.0,1,https://www.homeaway.com/vacation-rental/p7130050?uni_id=6276746,True,61
9,7331172,1300.0,162.5,,1300.0,33.84881996,-84.36663325,Atlanta,GA,US,0,0.0,1.0,1,https://www.homeaway.com/vacation-rental/p7331172?uni_id=6671878,True,102
10,v1431497,893.0,111.63,,893.0,33.7668996,-84.4192772,Atlanta,GA,US,2,2.5,2.0,3,https://www.vrbo.com/1431497?unitId=1990021,True,36
11,v1337903,1719.5,214.94,,1719.5,33.728261200000006,-84.3670403,Atlanta,GA,US,28,4.892857,2.0,3,https://www.vrbo.com/1337903?unitId=1896239,True,87
12,4469828,1460.0,182.5,,1460.0,33.8389631,-84.3784363,Atlanta,GA,US,1,5.0,1.0,1,https://www.homeaway.com/vacation-rental/p4469828?uni_id=5057656,True,59
13,4931120,2588.0,323.5,,2588.0,33.798894,-84.3461121,Atlanta,GA,US,2,5.0,3.0,3,https://www.homeaway.com/vacation-rental/p4931120?uni_id=6092685,True,66
14,v789728,1101.6,137.7,,1101.6,33.7767276,-84.35211269999999,Atlanta,GA,US,4,4.75,1.0,1,https://www.vrbo.com/789728?unitId=1337666,True,2
15,4999482,1542.6,192.83,,1542.6,33.7921496,-84.3956788,Atlanta,GA,US,3,3.6666667,2.0,2,https://www.homeaway.com/vacation-rental/p4999482?uni_id=6240122,True,62
16,4023000,1694.0,211.75,,1694.0,33.757406,-84.369423,Atlanta,GA,US,25,5.0,2.0,3,https://www.homeaway.com/vacation-rental/p4023000?uni_id=4412691,True,132
17,4893743,1600.0,200.0,,1600.0,33.75833164,-84.37143322,Atlanta,GA,US,2,5.0,2.0,3,https://www.homeaway.com/vacation-rental/p4893743?uni_id=5962941,True,132
18,v363870,860.15,107.52,,860.15,33.76344479,-84.38869774,Atlanta,GA,US,128,4.703125,1.0,1,https://www.vrbo.com/363870?unitId=363870,True,512
19,4782031,1260.0,157.5,,1260.0,33.758663299999995,-84.37115117,Atlanta,GA,US,12,4.75,1.0,2,https://www.homeaway.com/vacation-rental/p4782031?uni_id=5768135,True,132
20,4993538,1800.0,225.0,,1800.0,33.775084,-84.374367,Atlanta,GA,US,12,5.0,2.0,2,https://www.homeaway.com/vacation-rental/p4993538?uni_id=6231493,True,373
21,4247574,1155.42,144.43,,1155.42,33.750440000000005,-84.36438000000001,Atlanta,GA,US,21,4.904762,1.0,1,https://www.homeaway.com/vacation-rental/p4247574?uni_id=4654453,True,8
22,4982430,1775.0,221.88,,1775.0,33.746884,-84.3024038,Atlanta,GA,US,9,4.5555553,1.0,1,https://www.homeaway.com/vacation-rental/p4982430?uni_id=6201283,True,44
23,v1324334,1000.0,125.0,,1000.0,33.76049813,-84.39119577,Atlanta,GA,US,0,0.0,1.0,1,https://www.vrbo.com/1324334?unitId=1882621,True,512
24,v632288,1232.0,154.0,,1232.0,33.76256,-84.387878,Atlanta,GA,US,75,4.613333,1.0,1,https://www.vrbo.com/632288?unitId=1180069,True,512
25,v1171458,722.0,90.25,,722.0,33.72695539,-84.37063495,Atlanta,GA,US,18,4.8333335,1.0,1,https://www.vrbo.com/1171458?unitId=1722187,True,87
26,4812785,3757.0,469.63,,3757.0,33.7683581,-84.35137009999998,Atlanta,GA,US,5,5.0,3.0,5,https://www.homeaway.com/vacation-rental/p4812785?uni_id=5806819,True,74
27,v1324335,1000.0,125.0,,1000.0,33.76166426,-84.3927762,Atlanta,GA,US,4,4.0,1.0,1,https://www.vrbo.com/1324335?unitId=1882622,True,512
28,4905914,7520.0,940.0,,7520.0,33.77473617,-84.34896479999999,Atlanta,GA,US,8,5.0,4.0,6,https://www.homeaway.com/vacation-rental/p4905914?uni_id=6004900,True,10
29,4777156,936.0,117.0,,936.0,33.79501261,-84.35375733,Atlanta,GA,US,18,5.0,1.0,1,https://www.homeaway.com/vacation-rental/p4777156?uni_id=5762542,True,66
30,4893857,1232.0,154.0,,1232.0,33.75991,-84.39067,Atlanta,GA,US,0,0.0,1.0,0,https://www.homeaway.com/vacation-rental/p4893857?uni_id=5963369,True,512
31,v1309930,2787.3,348.41,,2787.3,33.76918,-84.349434,Atlanta,GA,US,6,4.8333335,3.0,4,https://www.vrbo.com/1309930?unitId=1861497,True,74
32,v1289623,3400.0,425.0,,3400.0,33.803627399999996,-84.3903217,Atlanta,GA,US,0,0.0,2.0,3,https://www.vrbo.com/1289623?unitId=1840764,True,11
33,v1053657,1152.0,144.0,,1152.0,33.76320882,-84.3907438,Atlanta,GA,US,50,4.7,1.0,1,https://www.vrbo.com/1053657?unitId=1601781,True,512
34,4989606,1500.0,187.5,,1500.0,33.73535069,-84.46209976,Atlanta,GA,US,2,5.0,2.0,3,https://www.homeaway.com/vacation-rental/p4989606?uni_id=6225883,True,2
35,v1151657,792.0,99.0,,792.0,33.76478869,-84.34210339,Atlanta,GA,US,16,4.875,1.0,2,https://www.vrbo.com/1151657?unitId=1699894,True,38
36,v1005504,3920.0,490.0,,3920.0,33.7934699,-84.3805624,Atlanta,GA,US,6,5.0,1.0,4,https://www.vrbo.com/1005504?unitId=1553452,True,16
37,v685049,1135.72,141.97,,1135.72,33.76234593,-84.38777071,Atlanta,GA,US,21,4.4761906,1.0,1,https://www.vrbo.com/685049?unitId=1232987,True,512
38,4631874,1628.56,203.57,,1628.56,33.785087,-84.38054,Atlanta,GA,US,0,0.0,2.0,2,https://www.homeaway.com/vacation-rental/p4631874?uni_id=5385297,True,373
39,v323480,1192.0,149.0,,1192.0,33.76256179999999,-84.38787842,Atlanta,GA,US,96,4.5054946,1.0,1,https://www.vrbo.com/323480?unitId=323480,True,512
40,4476165,1322.0,165.25,,1322.0,33.80135497,-84.37296136,Atlanta,GA,US,20,4.85,2.0,2,https://www.homeaway.com/vacation-rental/p4476165?uni_id=5064356,True,61
41,4538512,1492.0,186.5,,1492.0,33.76161,-84.38731,Atlanta,GA,US,0,0.0,1.0,0,https://www.homeaway.com/vacation-rental/p4538512?uni_id=5142836,True,512
42,v1081900,928.8,116.1,,928.8,33.73646095,-84.37734314,Atlanta,GA,US,31,5.0,1.0,1,https://www.vrbo.com/1081900?unitId=1630058,True,87
43,4253130,1860.0,232.5,,1860.0,33.736318,-84.42627399999999,Atlanta,GA,US,13,4.923076999999999,2.0,4,https://www.homeaway.com/vacation-rental/p4253130?uni_id=4660269,True,159
44,4535601,952.16,119.02,,952.16,33.76680679,-84.37226329,Atlanta,GA,US,8,4.375,1.0,1,https://www.homeaway.com/vacation-rental/p4535601?uni_id=5139784,True,132
45,4847647,6480.0,810.0,,6480.0,33.76327672,-84.38180674,Atlanta,GA,US,0,0.0,2.0,2,https://www.homeaway.com/vacation-rental/p4847647?uni_id=5852711,True,132
46,4703890,1366.0,170.75,,1366.0,33.767174,-84.350702,Atlanta,GA,US,6,4.8333335,1.0,2,https://www.homeaway.com/vacation-rental/p4703890?uni_id=5668346,True,74
47,v678184,1414.29,176.79,,1414.29,33.76256,-84.387878,Atlanta,GA,US,4,4.25,2.0,2,https://www.vrbo.com/678184?unitId=1226122,True,512
48,4544655,1879.0,234.88,,1879.0,33.7605758,-84.3660872,Atlanta,GA,US,3,5.0,2.0,3,https://www.homeaway.com/vacation-rental/p4544655?uni_id=5152922,True,132
49,v1068268,1195.0,149.38,,1195.0,33.762541799999994,-84.38787370000001,Atlanta,GA,US,20,4.95,1.0,1,https://www.vrbo.com/1068268?unitId=1616425,True,512
50,4477888,1230.0,153.75,,1230.0,33.7708439,-84.3629247,Atlanta,GA,US,8,4.75,2.0,2,https://www.homeaway.com/vacation-rental/p4477888?uni_id=5066240,True,30
51,v1305333,972.0,121.5,,972.0,33.78823246,-84.4006951,Atlanta,GA,US,8,4.5,1.0,1,https://www.vrbo.com/1305333?unitId=1856483,True,96
52,v1227733,3840.0,480.0,,3840.0,33.7879002,-84.36092550000001,Atlanta,GA,US,12,4.8333335,3.0,3,https://www.vrbo.com/1227733?unitId=1778626,True,66
53,v1225837,836.0,104.5,,836.0,33.727686,-84.372596,Atlanta,GA,US,8,4.625,1.0,2,https://www.vrbo.com/1225837?unitId=1776725,True,87
54,v1189296,617.1,77.14,,617.1,33.765721,-84.37306099999999,Atlanta,GA,US,29,4.862069,1.0,1,https://www.vrbo.com/1189296?unitId=1740054,True,132
55,v731455,1576.0,197.0,,1576.0,33.821442,-84.413481,Atlanta,GA,US,64,4.59375,2.0,3,https://www.vrbo.com/731455?unitId=1279393,True,3
56,4095077,2304.0,288.0,,2304.0,33.772159,-84.35775699999999,Atlanta,GA,US,13,4.8461537,2.0,3,https://www.homeaway.com/vacation-rental/p4095077?uni_id=4493253,True,30
57,v1343258,1432.0,179.0,,1432.0,33.77622376,-84.37740322,Atlanta,GA,US,0,0.0,2.0,2,https://www.vrbo.com/1343258?unitId=1901602,True,373
58,v615424,1714.29,214.29,,1714.29,33.83954263,-84.3798052,Atlanta,GA,US,17,4.6875,2.0,3,https://www.vrbo.com/615424?unitId=1162741,True,29
59,4330860,2000.0,250.0,,2000.0,33.766948,-84.368411,Atlanta,GA,US,9,5.0,2.0,3,https://www.homeaway.com/vacation-rental/p4330860?uni_id=4742398,True,132
60,4360925,1080.08,135.01,,1080.08,33.7725223,-84.3659676,Atlanta,GA,US,4,5.0,1.0,1,https://www.homeaway.com/vacation-rental/p4360925?uni_id=4775075,True,132
61,3673479,760.0,95.0,,760.0,33.756411,-84.424079,Atlanta,GA,US,15,4.133333,1.0,1,https://www.homeaway.com/vacation-rental/p3673479?uni_id=3687896,True,21
62,4944431,1512.0,189.0,,1512.0,33.78303516,-84.3857386,Atlanta,GA,US,1,5.0,1.0,1,https://www.homeaway.com/vacation-rental/p4944431?uni_id=6123386,True,373
63,v833141,1428.64,178.58,,1428.64,33.7644467,-84.3488902,Atlanta,GA,US,4,4.75,1.0,2,https://www.vrbo.com/833141?unitId=1381080,True,38
64,v674089,694.8,86.85,,694.8,33.777062,-84.353389,Atlanta,GA,US,37,4.621621599999999,1.0,1,https://www.vrbo.com/674089?unitId=1222027,True,47
65,v1328962,1192.0,149.0,,1192.0,33.78578275,-84.38464636,Atlanta,GA,US,1,5.0,2.0,1,https://www.vrbo.com/1328962?unitId=1887260,True,373
66,v371725,1771.44,221.43,,1771.44,33.75301295,-84.41035959999999,Atlanta,GA,US,2,5.0,3.0,3,https://www.vrbo.com/371725?unitId=371725,True,21
67,v1176366,1400.0,175.0,,1400.0,33.73445431,-84.34446494,Atlanta,GA,US,1,5.0,2.0,3,https://www.vrbo.com/1176366?unitId=1727101,True,43
68,4476171,1152.0,144.0,,1152.0,33.80281444,-84.37310627,Atlanta,GA,US,8,4.875,1.0,1,https://www.homeaway.com/vacation-rental/p4476171?uni_id=5064362,True,61
69,4353210,1912.0,239.0,,1912.0,33.73835566,-84.36517236,Atlanta,GA,US,8,4.75,2.0,3,https://www.homeaway.com/vacation-rental/p4353210?uni_id=4766795,True,87
70,v314361,2600.0,325.0,,2600.0,33.7628972,-84.39453611,Atlanta,GA,US,19,4.894737,3.0,2,https://www.vrbo.com/314361?unitId=314361,True,512
71,4567168,1600.0,200.0,,1600.0,33.76373731,-84.38800991,Atlanta ,GA,US,2,3.0,1.0,1,https://www.homeaway.com/vacation-rental/p4567168?uni_id=5176652,True,512
72,v867522,2850.0,356.25,,2850.0,33.7675533,-84.34359479999999,Atlanta,GA,US,19,4.894737,2.0,3,https://www.vrbo.com/867522?unitId=1415461,True,38
73,4869615,1240.0,155.0,,1240.0,33.7318,-84.39465,Atlanta,GA,US,10,3.3,2.0,2,https://www.homeaway.com/vacation-rental/p4869615?uni_id=5894228,True,128
74,v859837,3960.0,495.0,,3960.0,33.8313073,-84.3744433,Atlanta,GA,US,37,4.9459457,3.0,4,https://www.vrbo.com/859837?unitId=1407776,True,37
75,4711066,1200.0,150.0,,1200.0,33.79373794,-84.40102687,Atlanta,GA,US,0,0.0,1.0,1,https://www.homeaway.com/vacation-rental/p4711066?uni_id=5680866,True,59
76,4938436,1320.0,165.0,,1320.0,33.79007,-84.39962,Atlanta,GA,US,2,5.0,1.0,1,https://www.homeaway.com/vacation-rental/p4938436?uni_id=6115216,True,62
77,4471412,1423.0,177.88,,1423.0,33.7719459,-84.366527,Atlanta,GA,US,1,5.0,1.0,1,https://www.homeaway.com/vacation-rental/p4471412?uni_id=5059299,True,132
78,4625906,800.0,100.0,,800.0,33.837025,-84.3747979,Atlanta,GA,US,0,0.0,1.0,1,https://www.homeaway.com/vacation-rental/p4625906?uni_id=5376864,True,37
79,v1103643,5550.0,693.75,,5550.0,33.846519,-84.35306899999999,Atlanta,GA,US,20,5.0,4.0,5,https://www.vrbo.com/1103643?unitId=1651804,True,22
80,v813046,742.86,92.86,,742.86,33.776925299999995,-84.3648418,Atlanta,GA,US,29,4.8965516,1.0,1,https://www.vrbo.com/813046?unitId=1360984,True,47
81,4663284,1165.0,145.63,,1165.0,33.837025,-84.3747979,Atlanta,GA,US,0,0.0,1.0,1,https://www.homeaway.com/vacation-rental/p4663284?uni_id=5474827,True,37
82,v1013702,2500.0,312.5,,2500.0,33.800058299999996,-84.4110427,Atlanta,GA,US,9,5.0,3.0,5,https://www.vrbo.com/1013702?unitId=1561650,True,95
83,908860,1552.48,194.06,,1552.48,33.739156,-84.366343,Atlanta,GA,US,50,4.5306125,2.0,3,https://www.homeaway.com/vacation-rental/p908860?uni_id=3219259,True,87
84,v564287,1195.62,149.45,,1195.62,33.76241729,-84.38777071,Atlanta,GA,US,15,4.4666667,1.0,1,https://www.vrbo.com/564287?unitId=1111604,True,512
85,4247575,1414.0,176.75,,1414.0,33.750440000000005,-84.36438000000001,Atlanta,GA,US,25,4.92,1.0,1,https://www.homeaway.com/vacation-rental/p4247575?uni_id=4654454,True,8
86,4360923,1080.08,135.01,,1080.08,33.762437799999994,-84.3585321,Atlanta,GA,US,5,4.5,1.0,1,https://www.homeaway.com/vacation-rental/p4360923?uni_id=4775073,True,74
87,v993551,1099.8,137.48,,1099.8,33.730097,-84.3854,Atlanta,GA,US,2,4.5,1.0,3,https://www.vrbo.com/993551?unitId=1541507,True,43
88,4742437,750.0,93.75,,750.0,33.837025,-84.3747979,Atlanta,GA,US,5,4.2,1.0,1,https://www.homeaway.com/vacation-rental/p4742437?uni_id=5720285,True,37
89,4549491,925.0,115.63,,925.0,33.7669855,-84.34672809999999,Atlanta,GA,US,0,0.0,1.0,1,https://www.homeaway.com/vacation-rental/p4549491?uni_id=5158229,True,38
90,v1179406,672.0,84.0,,672.0,33.73999067,-84.39691074,Atlanta,GA,US,3,3.6666667,1.0,1,https://www.vrbo.com/1179406?unitId=1730143,True,128
91,v1284520,2070.0,258.75,,2070.0,33.800058299999996,-84.4110427,Atlanta,GA,US,9,5.0,2.0,4,https://www.vrbo.com/1284520?unitId=1835659,True,95
92,v831474,628.56,78.57,,628.56,33.76168453,-84.32882263,Atlanta,GA,US,20,4.45,1.0,1,https://www.vrbo.com/831474?unitId=1379413,True,10
93,4755809,1432.8,179.1,,1432.8,33.772021,-84.4137145,Atlanta,GA,US,12,4.4166665,2.0,3,https://www.homeaway.com/vacation-rental/p4755809?uni_id=5737110,True,89
94,v1170053,669.6,83.7,,669.6,33.78331769,-84.34642526,Atlanta,GA,US,4,5.0,1.0,1,https://www.vrbo.com/1170053?unitId=1720782,True,513
95,4838545,3842.0,480.25,,3842.0,33.73572997,-84.47387900000001,Atlanta,GA,US,1,5.0,2.0,4,https://www.homeaway.com/vacation-rental/p4838545?uni_id=5841082,True,12
96,v1040623,1350.0,168.75,,1350.0,33.80214960000001,-84.4454479,Atlanta,GA,US,1,5.0,2.0,3,https://www.vrbo.com/1040623?unitId=1588743,True,15
97,v1197997,4200.0,525.0,,4200.0,33.75425253,-84.33823892,Atlanta,GA,US,8,4.1666665,3.0,4,https://www.vrbo.com/1197997?unitId=1748757,True,72
98,v1161828,1081.2,135.15,,1081.2,33.77742223,-84.37154926,Atlanta,GA,US,11,5.0,1.0,1,https://www.vrbo.com/1161828?unitId=1710092,True,373
99,4587396,1366.0,170.75,,1366.0,33.76821049,-84.36043497,Atlanta,GA,US,1,5.0,1.0,1,https://www.homeaway.com/vacation-rental/p4587396?uni_id=5227246,True,30
100,4840129,1150.0,143.75,,1150.0,33.84406879,-84.37377459999999,Atlanta,GA,US,2,4.5,1.0,1,https://www.homeaway.com/vacation-rental/p4840129?uni_id=5843036,True,50
101,4469831,1947.0,243.38,,1947.0,33.7681659,-84.3603706,Atlanta,GA,US,2,5.0,2.0,1,https://www.homeaway.com/vacation-rental/p4469831?uni_id=5057659,True,30
102,v414019,2400.0,300.0,,2400.0,33.77384567,-84.35003662,Atlanta,GA,US,35,4.882353,2.0,3,https://www.vrbo.com/414019?unitId=414019,True,2
103,4762294,712.0,89.0,,712.0,33.7700581,-84.3425347,Atlanta,GA,US,3,4.3333335,1.0,1,https://www.homeaway.com/vacation-rental/p4762294?uni_id=5746063,True,38
104,v742354,1260.0,157.5,,1260.0,33.76256,-84.387878,Atlanta,GA,US,29,3.0,1.0,2,https://www.vrbo.com/742354?unitId=1290292,True,512
105,7345061,1027.36,128.42,,1027.36,33.7716274,-84.36812859999999,Atlanta,GA,US,0,0.0,1.0,1,https://www.homeaway.com/vacation-rental/p7345061?uni_id=6691220,True,132
106,4937538,960.0,120.0,,960.0,33.844144299999996,-84.42792621,Atlanta,GA,US,0,0.0,1.0,1,https://www.homeaway.com/vacation-rental/p4937538?uni_id=6113666,True,513
107,v1620408,2185.0,273.13,,2185.0,33.74577446,-84.31452826,Atlanta,GA,US,0,0.0,2.0,3,https://www.vrbo.com/1620408?unitId=2181707,True,4
108,7353005,1294.0,161.75,,1294.0,33.7727676,-84.3657582,Atlanta,GA,US,1,5.0,1.0,1,https://www.homeaway.com/vacation-rental/p7353005?uni_id=6708386,True,132
109,v1256956,704.0,88.0,,704.0,33.73116179,-84.39849184,Atlanta,GA,US,0,0.0,1.0,2,https://www.vrbo.com/1256956?unitId=1807921,True,85
110,4749851,6480.0,810.0,,6480.0,33.78072603,-84.38762065,Atlanta,GA,US,0,0.0,2.0,2,https://www.homeaway.com/vacation-rental/p4749851?uni_id=5729694,True,373
111,7726342,732.0,91.5,,732.0,33.8553144,-84.3614018,Atlanta,GA,US,0,0.0,1.0,1,https://www.homeaway.com/vacation-rental/p7726342?uni_id=7234587,True,102
112,7726341,852.0,106.5,,852.0,33.8553144,-84.3614018,Atlanta,GA,US,0,0.0,2.0,2,https://www.homeaway.com/vacation-rental/p7726341?uni_id=7234586,True,102
113,v1007026,1520.0,190.0,,1520.0,33.775889,-84.371465,Atlanta,GA,US,8,4.625,1.0,2,https://www.vrbo.com/1007026?unitId=1554974,True,373
114,7529202,1060.0,132.5,,1060.0,33.78326,-84.38783000000001,Atlanta,GA,US,0,0.0,1.0,1,https://www.homeaway.com/vacation-rental/p7529202?uni_id=6942772,True,373
115,7413246,2055.92,256.99,,2055.92,33.762983399999996,-84.36794379999999,Atlanta,GA,US,0,0.0,2.0,3,https://www.homeaway.com/vacation-rental/p7413246?uni_id=6789698,True,132
116,v282484,2734.0,341.75,,2734.0,33.79019547,-84.3937149,Atlanta,GA,US,41,4.525,3.0,3,https://www.vrbo.com/282484?unitId=282484,True,62
117,7632359,1423.0,177.88,,1423.0,33.772597,-84.36554129999999,Atlanta,GA,US,0,0.0,1.0,1,https://www.homeaway.com/vacation-rental/p7632359?uni_id=7080958,True,132
118,7478842,1723.0,215.38,,1723.0,33.7719459,-84.366527,Atlanta,GA,US,0,0.0,1.0,1,https://www.homeaway.com/vacation-rental/p7478842?uni_id=6880953,True,132
119,4538842,1164.0,145.5,,1164.0,33.8497,-84.36289000000001,Atlanta,GA,US,0,0.0,1.0,0,https://www.homeaway.com/vacation-rental/p4538842?uni_id=7155628,True,102
120,7529200,1002.0,125.25,,1002.0,33.75521,-84.38185,Atlanta,GA,US,0,0.0,1.0,1,https://www.homeaway.com/vacation-rental/p7529200?uni_id=6942770,True,512
121,4880089,32000.0,4000.0,,32000.0,33.83723326,-84.37668173,Atlanta,GA,US,0,0.0,2.0,2,https://www.homeaway.com/vacation-rental/p4880089?uni_id=5913041,True,59
122,4538611,1787.0,223.38,,1787.0,33.8468,-84.37002,Atlanta,GA,US,0,0.0,1.0,0,https://www.homeaway.com/vacation-rental/p4538611?uni_id=5931138,True,102
123,7193972,1280.0,160.0,,1280.0,33.69508,-84.50515,Atlanta,GA,US,1,4.0,1.0,3,https://www.homeaway.com/vacation-rental/p7193972?uni_id=6368785,True,7
124,10186761,2313.12,289.14,,2313.12,33.85648,-84.3644,Atlanta,GA,US,0,0.0,2.0,3,https://www.homeaway.co.uk/p10186761?uni_id=5211259,True,102
125,7694960,1592.0,199.0,,1592.0,33.69625,-84.38580999999999,Atlanta,GA,US,0,0.0,3.0,3,https://www.homeaway.com/vacation-rental/p7694960?uni_id=7163348,True,12
126,4814783,4400.0,550.0,,4400.0,33.75430468,-84.34305266,Atlanta,GA,US,2,3.5,3.0,4,https://www.vacationrentals.com/listing/p4814783?uni_id=5810636,True,72
127,v628858,3428.57,428.57,,3428.57,33.81027,-84.399206,Atlanta,GA,US,0,0.0,2.0,3,https://www.vrbo.com/628858?unitId=1176639,True,4
128,7663399,5200.0,650.0,,5200.0,33.71402,-84.36444,Atlanta,GA,US,0,0.0,2.0,4,https://www.homeaway.com/vacation-rental/p7663399?uni_id=7123984,True,13
129,v1284666,805.0,100.63,,805.0,33.79564246,-84.41060667,Atlanta,GA,US,1,5.0,1.0,1,https://www.vrbo.com/1284666?unitId=1835805,True,95
130,4636787,3992.0,499.0,,3992.0,33.78349,-84.3837,Atlanta,GA,US,0,0.0,1.0,0,https://www.homeaway.com/vacation-rental/p4636787?uni_id=5393148,True,373
131,4506865,972.0,121.5,,972.0,33.737381299999996,-84.39592127,Atlanta,GA,US,11,4.909091,1.0,2,https://www.homeaway.com/vacation-rental/p4506865?uni_id=5110097,True,128
132,7365862,1294.0,161.75,,1294.0,33.7727676,-84.3657582,Atlanta,GA,US,0,0.0,1.0,1,https://www.homeaway.com/vacation-rental/p7365862?uni_id=6724547,True,132
133,7429938,1914.0,239.25,,1914.0,33.760940000000005,-84.37319000000001,Atlanta,GA,US,0,0.0,1.0,0,https://www.homeaway.com/vacation-rental/p7429938?uni_id=6813341,True,132
134,7502795,1716.0,214.5,,1716.0,33.77158,-84.38136999999999,Atlanta,GA,US,0,0.0,1.0,0,https://www.homeaway.com/vacation-rental/p7502795?uni_id=6912392,True,373
135,4467360,1110.0,138.75,,1110.0,33.7804059,-84.41060829999999,Atlanta,GA,US,3,3.6666667,2.0,2,https://www.homeaway.com/vacation-rental/p4467360?uni_id=5055114,True,96
136,v1461222,1336.0,167.0,,1336.0,33.770757,-84.366168,Atlanta,GA,US,0,0.0,1.0,1,https://www.vrbo.com/1461222?unitId=2019808,True,132
137,v1461215,1336.0,167.0,,1336.0,33.76893,-84.366516,Atlanta,GA,US,0,0.0,1.0,1,https://www.vrbo.com/1461215?unitId=2019801,True,132
138,v768623,1160.0,145.0,,1160.0,33.76650411,-84.37115729,Atlanta,GA,US,3,5.0,1.0,2,https://www.vrbo.com/768623?unitId=1316561,True,132
139,4167736,971.43,121.43,,971.43,33.822336,-84.411164,Atlanta,GA,US,9,4.6666665,1.0,2,https://www.homeaway.com/vacation-rental/p4167736?uni_id=4569883,True,2
140,4360924,1554.24,194.28,,1554.24,33.762437799999994,-84.3585321,Atlanta,GA,US,0,0.0,2.0,2,https://www.homeaway.com/vacation-rental/p4360924?uni_id=4775074,True,74
141,4137197,514.29,64.29,,514.29,33.762993,-84.474056,Atlanta,GA,US,4,5.0,1.0,1,https://www.homeaway.com/vacation-rental/p4137197?uni_id=4537477,True,57
142,7482957,1606.0,200.75,,1606.0,33.77143299,-84.37977516,Atlanta,GA,US,0,0.0,1.0,1,https://www.homeaway.com/vacation-rental/p7482957?uni_id=6887521,True,373
143,4703974,1072.0,134.0,,1072.0,33.84510269,-84.36982287,Atlanta,GA,US,2,5.0,1.0,1,https://www.homeaway.com/vacation-rental/p4703974?uni_id=5668460,True,102
144,7482960,2076.8,259.6,,2076.8,33.81681263,-84.38217134,Atlanta,GA,US,1,5.0,2.0,4,https://www.homeaway.com/vacation-rental/p7482960?uni_id=6887524,True,21
145,4555247,1102.0,137.75,,1102.0,33.7720022,-84.38288670000001,Atlanta,GA,US,8,4.625,1.0,1,https://www.homeaway.com/vacation-rental/p4555247?uni_id=5164360,True,373
146,4538808,833.34,104.17,,833.34,33.75847,-84.3842,Atlanta,GA,US,0,0.0,1.0,0,https://www.homeaway.com/vacation-rental/p4538808?uni_id=6783376,True,512
147,7631430,3341.8,417.73,,3341.8,33.859955,-84.363625,Atlanta,GA,US,0,0.0,6.0,6,https://www.homeaway.com/vacation-rental/p7631430?uni_id=7079594,True,102
148,4538640,892.56,111.57,,892.56,33.78161,-84.38358000000001,Atlanta,GA,US,0,0.0,1.0,0,https://www.homeaway.com/vacation-rental/p4538640?uni_id=5928921,True,373
149,v1461204,1222.0,152.75,,1222.0,33.818559,-84.366248,Atlanta,GA,US,1,5.0,1.0,1,https://www.vrbo.com/1461204?unitId=2019790,True,162
150,v1461217,1272.0,159.0,,1272.0,33.765381,-84.36555,Atlanta,GA,US,1,5.0,1.0,1,https://www.vrbo.com/1461217?unitId=2019803,True,132
151,7567034,1901.9,237.74,,1901.9,33.84246604,-84.37236766,Atlanta,GA,US,0,0.0,1.0,1,https://www.homeaway.com/vacation-rental/p7567034?uni_id=6992318,True,59
152,v1603302,1336.0,167.0,,1336.0,33.787848,-84.404218,Atlanta,GA,US,0,0.0,1.0,1,https://www.vrbo.com/1603302?unitId=2164597,True,96
153,v1603304,1336.0,167.0,,1336.0,33.787848,-84.404218,Atlanta,GA,US,0,0.0,1.0,1,https://www.vrbo.com/1603304?unitId=2164599,True,96
154,7671346,175632.0,21954.0,,175632.0,33.761196000000005,-84.34587900000001,Atlanta,GA,US,0,0.0,4.0,3,https://www.homeaway.com/vacation-rental/p7671346?uni_id=7133983,True,38
155,7567036,1247.4,155.93,,1247.4,33.82829816,-84.35172079,Atlanta,GA,US,0,0.0,1.0,1,https://www.homeaway.com/vacation-rental/p7567036?uni_id=6992320,True,22
156,4899607,1078.4,134.8,,1078.4,33.84346,-84.37221,Atlanta,GA,US,0,0.0,1.0,0,https://www.homeaway.com/vacation-rental/p4899607?uni_id=5989923,True,50
157,7436068,1055.0,131.88,,1055.0,33.7703616,-84.3624858,Atlanta,GA,US,0,0.0,1.0,1,https://www.homeaway.com/vacation-rental/p7436068?uni_id=6822718,True,30
158,7653337,2010.8,251.35,,2010.8,33.73576242,-84.3904132,Atlanta,GA,US,0,0.0,2.0,3,https://www.homeaway.com/vacation-rental/p7653337?uni_id=7113746,True,43
159,4491552,965.0,120.63,,965.0,33.7590875,-84.3517922,Atlanta,GA,US,5,3.2,1.0,2,https://www.homeaway.com/vacation-rental/p4491552?uni_id=5083710,True,74
160,7439722,2803.45,350.43,,2803.45,33.8320631,-84.3673689,Atlanta,GA,US,0,0.0,2.0,3,https://www.homeaway.com/vacation-rental/p7439722?uni_id=6826505,True,15
161,7482955,1850.64,231.33,,1850.64,33.76791497,-84.38015072,Atlanta,GA,US,0,0.0,2.0,2,https://www.homeaway.com/vacation-rental/p7482955?uni_id=6887519,True,132
162,v1048156,496.8,62.1,,496.8,33.692253,-84.50583598,Atlanta,GA,US,2,5.0,1.0,3,https://www.vrbo.com/1048156?unitId=1596276,True,5
163,7631428,3547.0,443.38,,3547.0,33.859955,-84.363625,Atlanta,GA,US,0,0.0,5.0,5,https://www.homeaway.com/vacation-rental/p7631428?uni_id=7079592,True,102
164,v1539217,1960.2,245.03,,1960.2,33.770962,-84.36799599999999,Atlanta,GA,US,0,0.0,2.0,3,https://www.vrbo.com/1539217?unitId=2098926,True,132
165,7482951,1033.12,129.14,,1033.12,33.78176997,-84.38507354,Atlanta,GA,US,0,0.0,1.0,1,https://www.homeaway.com/vacation-rental/p7482951?uni_id=6887515,True,373
166,v1461213,1788.0,223.5,,1788.0,33.76893,-84.366516,Atlanta,GA,US,0,0.0,2.0,2,https://www.vrbo.com/1461213?unitId=2019799,True,132
167,7564961,1175.0,146.88,,1175.0,33.7708439,-84.3629247,Atlanta,GA,US,0,0.0,2.0,2,https://www.homeaway.com/vacation-rental/p7564961?uni_id=6990228,True,30
168,7508911,2197.8,274.73,,2197.8,33.76630458,-84.3795385,Atlanta,GA,US,0,0.0,2.0,2,https://www.homeaway.com/vacation-rental/p7508911?uni_id=6921408,True,132
169,v1461212,1430.0,178.75,,1430.0,33.820081,-84.365859,Atlanta,GA,US,0,0.0,2.0,2,https://www.vrbo.com/1461212?unitId=2019798,True,162
170,7460611,2360.75,295.09,,2360.75,33.8320631,-84.3673689,Atlanta,GA,US,0,0.0,1.0,2,https://www.homeaway.com/vacation-rental/p7460611?uni_id=6857228,True,15
171,7631516,2466.0,308.25,,2466.0,33.859955,-84.363625,Atlanta,GA,US,0,0.0,1.0,2,https://www.homeaway.com/vacation-rental/p7631516?uni_id=7079680,True,102
172,v1603308,1950.0,243.75,,1950.0,33.787848,-84.404218,Atlanta,GA,US,0,0.0,2.0,2,https://www.vrbo.com/1603308?unitId=2164603,True,96
173,v1603307,1950.0,243.75,,1950.0,33.787848,-84.404218,Atlanta,GA,US,0,0.0,2.0,2,https://www.vrbo.com/1603307?unitId=2164602,True,96
174,v1603316,1950.0,243.75,,1950.0,33.787848,-84.404218,Atlanta,GA,US,0,0.0,2.0,2,https://www.vrbo.com/1603316?unitId=2164611,True,96
175,v1603315,1780.0,222.5,,1780.0,33.787848,-84.404218,Atlanta,GA,US,0,0.0,1.0,2,https://www.vrbo.com/1603315?unitId=2164610,True,96
176,v1603301,1336.0,167.0,,1336.0,33.787848,-84.404218,Atlanta,GA,US,0,0.0,1.0,1,https://www.vrbo.com/1603301?unitId=2164596,True,96
177,v1603309,1950.0,243.75,,1950.0,33.787848,-84.404218,Atlanta,GA,US,0,0.0,2.0,2,https://www.vrbo.com/1603309?unitId=2164604,True,96
178,v1603307,1950.0,243.75,,1950.0,33.787848,-84.404218,Atlanta,GA,US,0,0.0,2.0,2,https://www.vrbo.com/1603307?unitId=2164602,True,96
179,v1603316,1950.0,243.75,,1950.0,33.787848,-84.404218,Atlanta,GA,US,0,0.0,2.0,2,https://www.vrbo.com/1603316?unitId=2164611,True,96
180,v1603313,1950.0,243.75,,1950.0,33.787848,-84.404218,Atlanta,GA,US,0,0.0,2.0,2,https://www.vrbo.com/1603313?unitId=2164608,True,96
181,4538978,1322.0,165.25,,1322.0,33.79022,-84.38789,Atlanta,GA,US,0,0.0,1.0,0,https://www.homeaway.com/vacation-rental/p4538978?uni_id=5930431,True,373
182,7482962,20119.0,2514.88,,20119.0,33.84348688,-84.39096981,Atlanta,GA,US,0,0.0,4.0,5,https://www.homeaway.com/vacation-rental/p7482962?uni_id=6887526,True,28
183,7671348,2824.2,353.03,,2824.2,33.755081,-84.349548,Atlanta,GA,US,0,0.0,4.0,3,https://www.homeaway.com/vacation-rental/p7671348?uni_id=7133985,True,19
184,7482953,962.72,120.34,,962.72,33.78237994,-84.38154797,Atlanta,GA,US,0,0.0,1.0,1,https://www.homeaway.com/vacation-rental/p7482953?uni_id=6887517,True,373
185,7631427,3463.32,432.92,,3463.32,33.859955,-84.363625,Atlanta,GA,US,0,0.0,6.0,7,https://www.homeaway.com/vacation-rental/p7631427?uni_id=7079591,True,102
186,7606220,1532.0,191.5,,1532.0,33.7718022,-84.38057090000001,Atlanta,GA,US,0,0.0,1.0,2,https://www.homeaway.com/vacation-rental/p7606220?uni_id=7051075,True,373
187,7384322,1447.0,180.88,,1447.0,33.760714,-84.374001,Atlanta,GA,US,0,0.0,1.0,1,https://www.homeaway.com/vacation-rental/p7384322?uni_id=6752677,True,132
188,7384313,1447.0,180.88,,1447.0,33.760714,-84.374001,Atlanta,GA,US,0,0.0,1.0,1,https://www.homeaway.com/vacation-rental/p7384313?uni_id=6752667,True,132
189,v1461224,1788.0,223.5,,1788.0,33.770757,-84.366168,Atlanta,GA,US,1,1.0,2.0,2,https://www.vrbo.com/1461224?unitId=2019810,True,132
190,v1461216,1336.0,167.0,,1336.0,33.76893,-84.366516,Atlanta,GA,US,0,0.0,1.0,1,https://www.vrbo.com/1461216?unitId=2019802,True,132
191,4591098,1396.97,174.62,,1396.97,33.75943,-84.38759,Atlanta,GA,US,0,0.0,1.0,0,https://www.homeaway.com/vacation-rental/p4591098?uni_id=6850215,True,512
192,v925039,972.0,121.5,,972.0,33.77609173,-84.37984027,Atlanta,GA,US,8,4.125,1.0,1,https://www.vrbo.com/925039?unitId=1472980,True,373
193,7564962,1190.0,148.75,,1190.0,33.7708439,-84.3629247,Atlanta,GA,US,0,0.0,2.0,2,https://www.homeaway.com/vacation-rental/p7564962?uni_id=6990229,True,30
194,v1053650,12000.0,1500.0,,12000.0,33.6784249,-84.48859300000001,Atlanta,GA,US,0,0.0,2.0,2,https://www.vrbo.com/1053650?unitId=1601774,True,93
195,7488763,1736.0,217.0,,1736.0,33.775042799999994,-84.3779328,Atlanta,GA,US,0,0.0,1.0,1,https://www.homeaway.com/vacation-rental/p7488763?uni_id=6893738,True,373
196,4595102,2072.0,259.0,,2072.0,33.75841,-84.39468000000001,Atlanta,GA,US,4,4.5,1.0,0,https://www.homeaway.com/vacation-rental/p4595102?uni_id=5270900,True,512
197,v1539218,1026.9,128.36,,1026.9,33.770962,-84.36799599999999,Atlanta,GA,US,0,0.0,1.0,1,https://www.vrbo.com/1539218?unitId=2098927,True,132
198,4617299,4000.0,500.0,,4000.0,33.7204595,-84.4991304,Atlanta,GA,US,6,5.0,3.0,4,https://www.homeaway.com/vacation-rental/p4617299?uni_id=5355297,True,1
199,7606205,1447.0,180.88,,1447.0,33.760979999999996,-84.3738,Atlanta,GA,US,0,0.0,1.0,1,https://www.homeaway.com/vacation-rental/p7606205?uni_id=7051060,True,132
200,7606176,1716.0,214.5,,1716.0,33.771865000000005,-84.38174079999999,Atlanta,GA,US,0,0.0,2.0,2,https://www.homeaway.com/vacation-rental/p7606176?uni_id=7051031,True,373
201,7384304,1447.0,180.88,,1447.0,33.760714,-84.374001,Atlanta,GA,US,0,0.0,1.0,1,https://www.homeaway.com/vacation-rental/p7384304?uni_id=6752658,True,132
202,7384305,1447.0,180.88,,1447.0,33.760714,-84.374001,Atlanta,GA,US,0,0.0,1.0,1,https://www.homeaway.com/vacation-rental/p7384305?uni_id=6752659,True,132
203,7384318,1447.0,180.88,,1447.0,33.760714,-84.374001,Atlanta,GA,US,0,0.0,1.0,1,https://www.homeaway.com/vacation-rental/p7384318?uni_id=6752673,True,132
204,7606181,1447.0,180.88,,1447.0,33.760979999999996,-84.3738,Atlanta,GA,US,0,0.0,1.0,1,https://www.homeaway.com/vacation-rental/p7606181?uni_id=7051036,True,132
205,4750224,2044.4,255.55,,2044.4,33.7902255,-84.39344770000001,Atlanta,GA,US,6,4.5,3.0,2,https://www.homeaway.com/vacation-rental/p4750224?uni_id=5730110,True,62
206,7686865,1710.5,213.81,,1710.5,33.68757784,-84.3720589,Atlanta,GA,US,0,0.0,2.0,3,https://www.homeaway.com/vacation-rental/p7686865?uni_id=7150680,True,52
207,7606226,1447.0,180.88,,1447.0,33.760979999999996,-84.3738,Atlanta,GA,US,0,0.0,1.0,1,https://www.homeaway.com/vacation-rental/p7606226?uni_id=7051081,True,132
208,7606225,1447.0,180.88,,1447.0,33.760979999999996,-84.3738,Atlanta,GA,US,0,0.0,1.0,1,https://www.homeaway.com/vacation-rental/p7606225?uni_id=7051080,True,132
209,v1461219,1721.0,215.13,,1721.0,33.765381,-84.36555,Atlanta,GA,US,0,0.0,1.0,2,https://www.vrbo.com/1461219?unitId=2019805,True,132
210,4963376,1862.0,232.75,,1862.0,33.77345,-84.36135999999999,Atlanta,GA,US,0,0.0,1.0,0,https://www.homeaway.com/vacation-rental/p4963376?uni_id=6161426,True,30
211,v1461210,1072.0,134.0,,1072.0,33.820081,-84.365859,Atlanta,GA,US,0,0.0,1.0,1,https://www.vrbo.com/1461210?unitId=2019796,True,162
212,7606177,1716.0,214.5,,1716.0,33.7718022,-84.38057090000001,Atlanta,GA,US,0,0.0,2.0,2,https://www.homeaway.com/vacation-rental/p7606177?uni_id=7051032,True,373
213,7345426,1437.92,179.74,,1437.92,33.79331,-84.38803,Atlanta,GA,US,0,0.0,1.0,0,https://www.homeaway.com/vacation-rental/p7345426?uni_id=6691749,True,373
214,7635336,1666.0,208.25,,1666.0,33.78588,-84.38596,Atlanta,GA,US,0,0.0,1.0,0,https://www.homeaway.com/vacation-rental/p7635336?uni_id=7085589,True,373
215,7571807,995.0,124.38,,995.0,33.792671999999996,-84.3955637,Atlanta,GA,US,0,0.0,1.0,1,https://www.homeaway.com/vacation-rental/p7571807?uni_id=7000554,True,62
216,v1321736,28571.36,3571.42,,28571.36,33.82760467,-84.39416267,Atlanta,GA,US,0,0.0,7.0,5,https://www.vrbo.com/1321736?unitId=1880021,True,28
217,7556004,3016.25,377.03,,3016.25,33.78167399,-84.36579909,Atlanta,GA,US,7,5.0,2.0,3,https://www.homeaway.com/vacation-rental/p7556004?uni_id=6980883,True,47
218,v1530594,1200.0,150.0,,1200.0,33.822548499999996,-84.3865926,Atlanta,GA,US,2,5.0,1.0,1,https://www.vrbo.com/1530594?unitId=2089393,True,21
219,4538848,1776.0,222.0,,1776.0,33.786590000000004,-84.3819,Atlanta,GA,US,0,0.0,1.0,0,https://www.homeaway.com/vacation-rental/p4538848?uni_id=6847813,True,373
220,7590153,10792.8,1349.1,,10792.8,33.74276619,-84.47537924,Atlanta,GA,US,2,5.0,5.0,6,https://www.homeaway.com/vacation-rental/p7590153?uni_id=7031863,True,8
221,v1471889,1386.0,173.25,,1386.0,33.75957321,-84.43511271,Atlanta,GA,US,1,5.0,3.0,3,https://www.vrbo.com/1471889?unitId=2030506,True,38
222,7671352,837.0,104.63,,837.0,33.766533,-84.333275,Atlanta,GA,US,0,0.0,1.0,1,https://www.homeaway.com/vacation-rental/p7671352?uni_id=7133989,True,38
223,v1419601,1032.3,129.04,,1032.3,33.76175942,-84.383756,Atlanta,GA,US,1,5.0,1.0,1,https://www.vrbo.com/1419601?unitId=1978083,True,512
224,v1461207,1222.0,152.75,,1222.0,33.818559,-84.366248,Atlanta,GA,US,0,0.0,1.0,1,https://www.vrbo.com/1461207?unitId=2019793,True,162
225,7563691,1656.0,207.0,,1656.0,33.66793656,-84.38557215,Atlanta,GA,US,1,4.0,2.0,3,https://www.homeaway.com/vacation-rental/p7563691?uni_id=6988941,True,38
226,4467376,1150.0,143.75,,1150.0,33.762536700000005,-84.35972790000001,Atlanta,GA,US,5,3.8,2.0,2,https://www.homeaway.com/vacation-rental/p4467376?uni_id=5055130,True,74
227,4538652,1217.28,152.16,,1217.28,33.8449,-84.36922,Atlanta,GA,US,0,0.0,1.0,0,https://www.homeaway.com/vacation-rental/p4538652?uni_id=5932930,True,15
228,4304915,2400.0,300.0,,2400.0,33.75723573,-84.41532721,Atlanta,GA,US,6,4.5,3.0,3,https://www.homeaway.com/vacation-rental/p4304915?uni_id=4714847,True,136
229,10185794,2908.23,363.53,,2908.23,33.798894,-84.3461121,Atlanta,GA,US,0,0.0,3.0,3,https://www.homeaway.co.uk/p10185794?uni_id=5210290,False,66
230,v1426513,1000.0,125.0,,1000.0,33.76256,-84.387878,Atlanta,GA,US,1,5.0,1.0,1,https://www.vrbo.com/1426513?unitId=1985024,True,512
231,7635697,1480.0,185.0,,1480.0,33.66070195,-84.51847564,Atlanta,GA,US,0,0.0,2.0,4,https://www.homeaway.com/vacation-rental/p7635697?uni_id=7086379,True,19
232,7486098,918.0,114.75,,918.0,33.73973908,-84.48636532,Atlanta,GA,US,0,0.0,2.0,3,https://www.homeaway.com/vacation-rental/p7486098?uni_id=6890878,True,513
233,v1432532,1434.6,179.33,,1434.6,33.8090919,-84.4082179,Atlanta,GA,US,0,0.0,1.0,2,https://www.vrbo.com/1432532?unitId=1991056,True,6
234,7081231,3600.0,450.0,,3600.0,33.8238199,-84.36800643,Atlanta,GA,US,0,0.0,2.0,2,https://www.homeaway.com/vacation-rental/p7081231?uni_id=6247833,True,162
235,7662131,1127.1,140.89,,1127.1,33.749438399999995,-84.36478149999999,Atlanta,GA,US,2,5.0,1.0,2,https://www.homeaway.com/vacation-rental/p7662131?uni_id=7122685,True,8
236,v1561826,488.0,61.0,,488.0,33.7380758,-84.35424638,Atlanta,GA,US,0,0.0,1.0,1,https://www.vrbo.com/1561826?unitId=2122895,True,18
237,v1554446,1512.0,189.0,,1512.0,33.73037093,-84.45797591,Atlanta,GA,US,0,0.0,3.0,5,https://www.vrbo.com/1554446?unitId=2114210,True,2
238,v1534347,20000.0,2500.0,,20000.0,33.78133367,-84.41096404,Atlanta,GA,US,0,0.0,2.0,2,https://www.vrbo.com/1534347?unitId=2093152,True,96
239,v1551634,7600.0,950.0,,7600.0,33.75022122,-84.41383251,Atlanta,GA,US,0,0.0,1.0,2,https://www.vrbo.com/1551634?unitId=2111395,True,21
240,v1553109,16800.0,2100.0,,16800.0,33.75746333,-84.40864258,Atlanta,GA,US,0,0.0,3.0,3,https://www.vrbo.com/1553109?unitId=2112871,True,136
241,7690311,1912.0,239.0,,1912.0,33.76967829,-84.38310757,Atlanta,GA,US,0,0.0,1.0,1,https://www.homeaway.com/vacation-rental/p7690311?uni_id=7154373,True,512
242,7499136,6400.0,800.0,,6400.0,33.865140999999994,-84.377992,Atlanta,GA,US,0,0.0,2.0,3,https://www.homeaway.com/vacation-rental/p7499136?uni_id=6906998,True,102
243,v1326262,2142.0,267.75,,2142.0,33.79625861,-84.40712751,Atlanta,GA,US,0,0.0,4.0,2,https://www.vrbo.com/1326262?unitId=1884553,True,59
244,7518421,68000.0,8500.0,,68000.0,33.74039631,-84.35185387,Atlanta,GA,US,0,0.0,3.0,3,https://www.homeaway.com/vacation-rental/p7518421?uni_id=6931037,True,18
245,v1527463,12000.0,1500.0,,12000.0,33.76577188,-84.41841242,Atlanta,GA,US,0,0.0,2.0,3,https://www.vrbo.com/1527463?unitId=2086262,True,36
246,7665413,1680.0,210.0,,1680.0,33.79118357,-84.39797948,Atlanta,GA,US,0,0.0,1.0,1,https://www.homeaway.com/vacation-rental/p7665413?uni_id=7126703,True,62
247,4648196,985.68,123.21,,985.68,33.6950751,-84.5051565,Atlanta,GA,US,0,0.0,1.0,3,https://www.homeaway.com/vacation-rental/p4648196?uni_id=5406671,True,7
248,7518659,1140.0,142.5,,1140.0,33.74664751,-84.40313581,Atlanta,GA,US,0,0.0,1.0,2,https://www.homeaway.com/vacation-rental/p7518659?uni_id=6931275,True,72
249,7564938,10360.0,1295.0,,10360.0,33.74938108,-84.36854376,Atlanta,GA,US,1,5.0,3.0,3,https://www.homeaway.com/vacation-rental/p7564938?uni_id=6990205,True,8
250,10185803,4218.41,527.3,,4218.41,33.7683603,-84.35135,Atlanta,GA,US,0,0.0,3.0,5,https://www.homeaway.co.uk/p10185803?uni_id=5210299,False,74
251,v1550653,16800.0,2100.0,,16800.0,33.7570327,-84.4064942,Atlanta,GA,US,0,0.0,2.0,3,https://www.vrbo.com/1550653?unitId=2110411,True,136
252,7472068,16000.0,2000.0,,16000.0,33.6995122,-84.51223537,Atlanta,GA,US,0,0.0,2.0,3,https://www.homeaway.com/vacation-rental/p7472068?uni_id=6870685,True,26
253,7584603,2240.0,280.0,,2240.0,33.7378788,-84.38638177,Atlanta,GA,US,0,0.0,2.0,2,https://www.homeaway.com/vacation-rental/p7584603?uni_id=7023999,True,43
254,v1551373,1014.0,126.75,,1014.0,33.71392814,-84.42283442,Atlanta,GA,US,0,0.0,1.0,2,https://www.vrbo.com/1551373?unitId=2111131,True,105
255,v1543842,79984.0,9998.0,,79984.0,33.80900238,-84.39872968,Atlanta,GA,US,0,0.0,4.0,5,https://www.vrbo.com/1543842?unitId=2103576,True,4
256,7613990,1450.0,181.25,,1450.0,33.72703996,-84.41058795,Atlanta,GA,US,0,0.0,2.0,3,https://www.homeaway.com/vacation-rental/p7613990?uni_id=7060122,True,61
257,7606972,1341.4,167.68,,1341.4,33.73309367,-84.38443977,Atlanta,GA,US,2,5.0,1.0,1,https://www.homeaway.com/vacation-rental/p7606972?uni_id=7051828,True,43
258,7596158,673.2,84.15,,673.2,33.71861707,-84.41314989,Atlanta,GA,US,0,0.0,1.0,2,https://www.homeaway.com/vacation-rental/p7596158?uni_id=7039584,True,59
259,7578061,4552.0,569.0,,4552.0,33.6617472,-84.34886892,Atlanta,GA,US,0,0.0,2.0,4,https://www.homeaway.com/vacation-rental/p7578061?uni_id=7010763,True,513
260,4547214,1512.0,189.0,,1512.0,33.75815368,-84.38549405,Atlanta,GA,US,5,2.6,2.0,2,https://www.homeaway.com/vacation-rental/p4547214?uni_id=5155866,True,512
261,7555164,4000.0,500.0,,4000.0,33.76612331,-84.38754676,Atlanta,GA,US,1,5.0,1.0,1,https://www.homeaway.com/vacation-rental/p7555164?uni_id=6979659,True,512
262,v1537249,2600.0,325.0,,2600.0,33.870838299999996,-84.3772348,Atlanta,GA,US,1,5.0,2.0,3,https://www.vrbo.com/1537249?unitId=2096940,True,102
263,v1573931,3900.0,487.5,,3900.0,33.77950785,-84.37200823,Atlanta,GA,US,1,5.0,2.0,2,https://www.vrbo.com/1573931?unitId=2135128,True,373
264,7748200,920.0,115.0,,920.0,33.82278642,-84.36521978,Atlanta,GA,US,0,0.0,1.0,1,https://www.homeaway.com/vacation-rental/p7748200?uni_id=7330361,True,162
265,v1626605,1090.0,136.25,,1090.0,33.76594424,-84.39240555,Atlanta,GA,US,0,0.0,1.0,1,https://www.vrbo.com/1626605?unitId=2187928,True,512
266,7721063,1200.0,150.0,,1200.0,33.76891019,-84.40696344,Atlanta,GA,US,0,0.0,2.0,2,https://www.homeaway.com/vacation-rental/p7721063?uni_id=7211868,True,89
267,7748238,852.0,106.5,,852.0,33.72470721,-84.44487915,Atlanta,GA,US,0,0.0,2.0,3,https://www.homeaway.com/vacation-rental/p7748238?uni_id=7330492,True,36
268,v1622980,960.0,120.0,,960.0,33.73729001,-84.43925579,Atlanta,GA,US,0,0.0,2.0,2,https://www.vrbo.com/1622980?unitId=2184303,True,59
269,7772200,7200.0,900.0,,7200.0,33.74262936,-84.38634783,Atlanta,GA,US,0,0.0,2.0,2,https://www.homeaway.com/vacation-rental/p7772200?uni_id=7427746,True,43
270,7773676,7200.0,900.0,,7200.0,33.75726186,-84.42174250000001,Atlanta,GA,US,0,0.0,2.0,2,https://www.homeaway.com/vacation-rental/p7773676?uni_id=7432809,True,21
271,v1625420,2366.0,295.75,,2366.0,33.75521456,-84.42422712,Atlanta,GA,US,0,0.0,2.0,4,https://www.vrbo.com/1625420?unitId=2186743,True,21
272,7757221,1192.0,149.0,,1192.0,33.76300402,-84.40498199,Atlanta,GA,US,0,0.0,1.0,3,https://www.homeaway.com/vacation-rental/p7757221?uni_id=7368217,True,136
273,v1544524,1275.0,159.38,,1275.0,33.77781558,-84.37793542,Atlanta,GA,US,1,5.0,2.0,2,https://www.vrbo.com/1544524?unitId=2104258,True,373
274,7714920,1040.0,130.0,,1040.0,33.82730336,-84.36583137,Atlanta,GA,US,0,0.0,1.0,1,https://www.homeaway.com/vacation-rental/p7714920?uni_id=7188554,True,162
275,7558881,9600.0,1200.0,,9600.0,33.74214397,-84.39282006,Atlanta,GA,US,0,0.0,2.0,2,https://www.homeaway.com/vacation-rental/p7558881?uni_id=6984085,True,128
276,v1293002,1872.0,234.0,,1872.0,33.76999679,-84.34153663,Atlanta,GA,US,1,5.0,2.0,3,https://www.vrbo.com/1293002?unitId=1844150,True,38
277,v1462580,4800.0,600.0,,4800.0,33.762525200000006,-84.3880022,Atlanta,GA,US,0,0.0,1.0,1,https://www.vrbo.com/1462580?unitId=2021169,True,512
278,v1506080,2443.75,305.47,,2443.75,33.76007389,-84.36201051,Atlanta,GA,US,0,0.0,2.0,3,https://www.vrbo.com/1506080?unitId=2064869,True,74
279,v1532007,1555.2,194.4,,1555.2,33.720885700000004,-84.3532396,Atlanta,GA,US,1,5.0,1.0,2,https://www.vrbo.com/1532007?unitId=2090809,True,24
280,7576255,1800.0,225.0,,1800.0,33.71137482,-84.36296587,Atlanta,GA,US,1,4.0,2.0,3,https://www.homeaway.com/vacation-rental/p7576255?uni_id=7007756,True,13
281,7685671,1572.5,196.56,,1572.5,33.72169563,-84.37836686,Atlanta,GA,US,0,0.0,2.0,3,https://www.homeaway.com/vacation-rental/p7685671?uni_id=7149469,True,9
282,7582746,1200.0,150.0,,1200.0,33.75362824,-84.42023929,Atlanta,GA,US,0,0.0,2.0,2,https://www.homeaway.com/vacation-rental/p7582746?uni_id=7020087,True,26
283,v1536407,6600.0,825.0,,6600.0,33.8034516,-84.3902807,Atlanta,GA,US,0,0.0,3.0,5,https://www.vrbo.com/1536407?unitId=2096089,True,11
284,v1324336,1000.0,125.0,,1000.0,33.76230027,-84.38692207,Atlanta,GA,US,0,0.0,1.0,1,https://www.vrbo.com/1324336?unitId=1882623,True,512
285,7480989,1500.0,187.5,,1500.0,33.71188066,-84.37947727,Atlanta,GA,US,0,0.0,2.0,3,https://www.homeaway.com/vacation-rental/p7480989?uni_id=6884645,True,75
286,7593768,13600.0,1700.0,,13600.0,33.85082909,-84.36637155,Atlanta,GA,US,0,0.0,1.0,1,https://www.homeaway.com/vacation-rental/p7593768?uni_id=7036624,True,102
287,7579317,14400.0,1800.0,,14400.0,33.74844544,-84.39979711,Atlanta,GA,US,0,0.0,2.0,2,https://www.homeaway.com/vacation-rental/p7579317?uni_id=7012548,True,72
288,7557273,48000.0,6000.0,,48000.0,33.74566769,-84.40754040000002,Atlanta,GA,US,0,0.0,3.0,3,https://www.homeaway.com/vacation-rental/p7557273?uni_id=6982400,True,5
289,v1552350,1889.68,236.21,,1889.68,33.71294833,-84.41680395,Atlanta,GA,US,0,0.0,1.0,3,https://www.vrbo.com/1552350?unitId=2112111,True,105
290,v1548878,10400.0,1300.0,,10400.0,33.71708231,-84.45502905,Atlanta,GA,US,0,0.0,2.0,3,https://www.vrbo.com/1548878?unitId=2108626,True,30
291,v1486553,10800.0,1350.0,,10800.0,33.75753524,-84.5241355,Atlanta,GA,US,0,0.0,2.0,3,https://www.vrbo.com/1486553?unitId=2045184,True,12
292,7561988,52000.0,6500.0,,52000.0,33.78865957,-84.39677656,Atlanta,GA,US,0,0.0,1.0,4,https://www.homeaway.com/vacation-rental/p7561988?uni_id=6987224,True,96
293,v1529799,1000.0,125.0,,1000.0,33.7519556,-84.41835390000001,Atlanta,GA,US,0,0.0,1.0,2,https://www.vrbo.com/1529799?unitId=2088598,True,26
294,7567032,1798.0,224.75,,1798.0,33.7396714,-84.4376315,Atlanta,GA,US,0,0.0,3.0,3,https://www.homeaway.com/vacation-rental/p7567032?uni_id=6992315,True,59
295,7520412,2072.0,259.0,,2072.0,33.73697764,-84.38558096,Atlanta,GA,US,0,0.0,2.0,3,https://www.homeaway.com/vacation-rental/p7520412?uni_id=6933039,True,43
296,v1543759,48000.0,6000.0,,48000.0,33.796996899999996,-84.3860521,Atlanta,GA,US,0,0.0,4.0,4,https://www.vrbo.com/1543759?unitId=2103493,True,16
297,v1603299,674.5,84.31,,674.5,33.76564419,-84.342141,Atlanta,GA,US,0,0.0,1.0,1,https://www.vrbo.com/1603299?unitId=2164594,True,38
298,v1552563,1600.0,200.0,,1600.0,33.77270307,-84.38152148,Atlanta,GA,US,0,0.0,1.0,2,https://www.vrbo.com/1552563?unitId=2112325,True,373
299,7592955,609.9,76.24,,609.9,33.7645255,-84.4153585,Atlanta,GA,US,0,0.0,1.0,2,https://www.homeaway.com/vacation-rental/p7592955?uni_id=7035638,True,89
300,v1517592,1000.0,125.0,,1000.0,33.77611074,-84.37426777,Atlanta,GA,US,0,0.0,1.0,1,https://www.vrbo.com/1517592?unitId=2076388,True,373
301,7487062,5312.4,664.05,,5312.4,33.76819406,-84.36808988,Atlanta,GA,US,0,0.0,3.0,3,https://www.homeaway.com/vacation-rental/p7487062?uni_id=6891879,True,132
302,7563421,19992.0,2499.0,,19992.0,33.80059892,-84.36276267,Atlanta,GA,US,0,0.0,3.0,5,https://www.homeaway.com/vacation-rental/p7563421?uni_id=6988671,True,66
303,v1514109,8000.0,1000.0,,8000.0,33.79053909,-84.38186067,Atlanta,GA,US,0,0.0,3.0,1,https://www.vrbo.com/1514109?unitId=2072905,True,16
304,v1531985,2000.0,250.0,,2000.0,33.84124287,-84.3661291,Atlanta,GA,US,0,0.0,1.0,2,https://www.vrbo.com/1531985?unitId=2090787,True,15
305,v1493905,1089.0,136.13,,1089.0,33.74454434,-84.3493093,Atlanta,GA,US,0,0.0,2.0,3,https://www.vrbo.com/1493905?unitId=2052596,True,18
306,4771698,11960.0,1495.0,,11960.0,33.86675032,-84.42547791,Atlanta,GA,US,0,0.0,8.0,7,https://www.homeaway.com/vacation-rental/p4771698?uni_id=5756386,True,4
307,v1543930,3992.0,499.0,,3992.0,33.73348031,-84.3878553,Atlanta,GA,US,0,0.0,2.0,3,https://www.vrbo.com/1543930?unitId=2103664,True,43
308,7566135,3600.0,450.0,,3600.0,33.73234763,-84.37511655,Atlanta,GA,US,1,5.0,2.0,3,https://www.homeaway.com/vacation-rental/p7566135?uni_id=6991417,True,87
309,7566230,2808.0,351.0,,2808.0,33.70661561,-84.41827797,Atlanta,GA,US,1,5.0,1.0,3,https://www.homeaway.com/vacation-rental/p7566230?uni_id=6991512,True,105
310,v1536444,8000.0,1000.0,,8000.0,33.83982178,-84.37480223,Atlanta,GA,US,0,0.0,2.0,2,https://www.vrbo.com/1536444?unitId=2096126,True,59
311,4753441,900.0,112.5,,900.0,33.822644,-84.364092,Atlanta,GA,US,1,4.0,1.0,1,https://www.homeaway.com/vacation-rental/p4753441?uni_id=5733693,True,162
312,7603164,1000.8,125.1,,1000.8,33.8100157,-84.39586395,Atlanta,GA,US,0,0.0,1.0,1,https://www.homeaway.com/vacation-rental/p7603164?uni_id=7047945,True,513
313,v1547163,3000.0,375.0,,3000.0,33.7339362,-84.35882600000001,Atlanta,GA,US,0,0.0,2.0,3,https://www.vrbo.com/1547163?unitId=2106910,True,18
314,v1372797,1492.0,186.5,,1492.0,33.71121178,-84.36265184,Atlanta,GA,US,0,0.0,2.0,3,https://www.vrbo.com/1372797?unitId=1931150,True,13
315,v1550675,1261.4,157.68,,1261.4,33.81881659,-84.39207026,Atlanta,GA,US,0,0.0,1.0,1,https://www.vrbo.com/1550675?unitId=2110433,True,7
316,v1535601,1440.0,180.0,,1440.0,33.76354218,-84.43190825,Atlanta,GA,US,1,3.0,2.0,4,https://www.vrbo.com/1535601?unitId=2095280,True,38
317,v1568537,480.0,60.0,,480.0,33.72257287,-84.49351413,Atlanta,GA,US,0,0.0,1.0,1,https://www.vrbo.com/1568537?unitId=2129684,True,5
318,7559808,1520.0,190.0,,1520.0,33.75019311,-84.46859228,Atlanta,GA,US,0,0.0,1.0,3,https://www.homeaway.com/vacation-rental/p7559808?uni_id=6985017,True,72
319,v1468110,1600.0,200.0,,1600.0,33.795362,-84.36402238,Atlanta,GA,US,0,0.0,1.0,1,https://www.vrbo.com/1468110?unitId=2026718,True,66
320,10185782,1936.23,242.03,,1936.23,33.7719459,-84.366527,Atlanta,GA,US,0,0.0,1.0,1,https://www.homeaway.co.uk/p10185782?uni_id=5210278,False,132
321,10185812,1643.23,205.4,,1643.23,33.8389631,-84.3784363,Atlanta,GA,US,0,0.0,1.0,1,https://www.homeaway.co.uk/p10185812?uni_id=5210308,False,59
322,10185801,1456.05,182.01,,1456.05,33.7727676,-84.3657582,Atlanta,GA,US,0,0.0,1.0,1,https://www.homeaway.co.uk/p10185801?uni_id=5210297,False,132
323,10185756,1538.65,192.33,,1538.65,33.7672883,-84.3507082,Atlanta,GA,US,0,0.0,1.0,2,https://www.homeaway.co.uk/p10185756?uni_id=5210252,False,74
324,10185809,2111.78,263.97,,2111.78,33.7605838,-84.36612650000001,Atlanta,GA,US,0,0.0,3.0,3,https://www.homeaway.co.uk/p10185809?uni_id=5210305,False,132
325,v1570005,2650.0,331.25,,2650.0,33.75130961,-84.41635856,Atlanta,GA,US,0,0.0,2.0,3,https://www.vrbo.com/1570005?unitId=2131181,True,21
326,v1544468,1030.0,128.75,,1030.0,33.71383205,-84.41164994,Atlanta,GA,US,0,0.0,2.0,4,https://www.vrbo.com/1544468?unitId=2104202,True,59
327,7390433,792.0,99.0,,792.0,33.72381897,-84.54721217,Atlanta,GA,US,0,0.0,1.0,2,https://www.homeaway.com/vacation-rental/p7390433?uni_id=6760441,True,9
328,7598325,928.2,116.03,,928.2,33.69393868,-84.37452929999999,Atlanta,GA,US,0,0.0,2.0,4,https://www.homeaway.com/vacation-rental/p7598325?uni_id=7042871,True,19
329,7689041,1414.8,176.85,,1414.8,33.76051841,-84.36912747,Atlanta,GA,US,0,0.0,3.0,3,https://www.homeaway.com/vacation-rental/p7689041?uni_id=7152893,True,132
330,7517081,881.0,110.13,,881.0,33.80618509,-84.41297342,Atlanta,GA,US,0,0.0,1.0,0,https://www.homeaway.com/vacation-rental/p7517081?uni_id=6929676,True,23
331,v1295441,1600.0,200.0,,1600.0,33.767401899999996,-84.3218885,Atlanta,GA,US,1,5.0,2.0,1,https://www.vrbo.com/1295441?unitId=1846590,True,10
332,v1618327,874.8,109.35,,874.8,33.76840089,-84.38334705,Atlanta,GA,US,0,0.0,1.0,1,https://www.vrbo.com/1618327?unitId=2179626,True,512
333,v1607069,1000.0,125.0,,1000.0,33.74716651,-84.47943874,Atlanta,GA,US,0,0.0,1.0,2,https://www.vrbo.com/1607069?unitId=2168365,True,8
334,7630625,1600.0,200.0,,1600.0,33.73060322,-84.40266290000001,Atlanta,GA,US,0,0.0,2.0,3,https://www.homeaway.com/vacation-rental/p7630625?uni_id=7078773,True,85
335,v1554318,812.25,101.53,,812.25,33.76621655,-84.37329082,Atlanta,GA,US,0,0.0,1.0,2,https://www.vrbo.com/1554318?unitId=2114082,True,132
336,v1601598,798.0,99.75,,798.0,33.79475603,-84.40845396,Atlanta,GA,US,0,0.0,1.0,1,https://www.vrbo.com/1601598?unitId=2162893,True,95
337,7565679,16000.0,2000.0,,16000.0,33.7554395,-84.44063059999999,Atlanta,GA,US,0,0.0,2.0,4,https://www.homeaway.com/vacation-rental/p7565679?uni_id=6990961,True,10
338,v1552348,1329.0,166.13,,1329.0,33.74176615,-84.39806667,Atlanta,GA,US,0,0.0,1.0,1,https://www.vrbo.com/1552348?unitId=2112109,True,128
339,7662831,874.0,109.25,,874.0,33.74829989,-84.37967467,Atlanta,GA,US,0,0.0,1.0,1,https://www.homeaway.com/vacation-rental/p7662831?uni_id=7123408,True,6
340,7572745,14800.0,1850.0,,14800.0,33.75767003,-84.35061590000001,Atlanta,GA,US,0,0.0,2.0,2,https://www.homeaway.com/vacation-rental/p7572745?uni_id=7002330,True,19
341,v1562534,1419.0,177.38,,1419.0,33.76581581,-84.38840243,Atlanta,GA,US,0,0.0,2.0,2,https://www.vrbo.com/1562534?unitId=2123618,True,512
342,7696144,1128.0,141.0,,1128.0,33.6658489,-84.5158902,Atlanta,GA,US,0,0.0,2.0,3,https://www.homeaway.com/vacation-rental/p7696144?uni_id=7165572,True,53
343,v1618550,6120.0,765.0,,6120.0,33.7960473,-84.3866885,Atlanta,GA,US,0,0.0,5.0,4,https://www.vrbo.com/1618550?unitId=2179849,True,16
344,v1545947,720.0,90.0,,720.0,33.71609723,-84.41352782,Atlanta,GA,US,0,0.0,1.0,2,https://www.vrbo.com/1545947?unitId=2105694,True,59
345,v1541066,21600.0,2700.0,,21600.0,33.66505295,-84.51125373,Atlanta,GA,US,0,0.0,3.0,5,https://www.vrbo.com/1541066?unitId=2100784,True,53
346,10185741,1601.92,200.24,,1601.92,33.7727676,-84.3657582,Atlanta,GA,US,0,0.0,1.0,1,https://www.homeaway.co.uk/p10185741?uni_id=5210237,False,132
347,10185753,2189.24,273.66,,2189.24,33.7682717,-84.3603663,Atlanta,GA,US,0,0.0,2.0,1,https://www.homeaway.co.uk/p10185753?uni_id=5210249,False,30
348,10185780,1538.65,192.33,,1538.65,33.7682717,-84.3603663,Atlanta,GA,US,0,0.0,1.0,1,https://www.homeaway.co.uk/p10185780?uni_id=5210276,False,30
349,10185788,1601.92,200.24,,1601.92,33.772597,-84.36554129999999,Atlanta,GA,US,0,0.0,1.0,1,https://www.homeaway.co.uk/p10185788?uni_id=5210284,False,132
350,7536795,40000.0,5000.0,,40000.0,33.80436739,-84.3719447,Atlanta,GA,US,0,0.0,4.0,3,https://www.homeaway.com/vacation-rental/p7536795?uni_id=6952736,True,61
351,7594296,4400.0,550.0,,4400.0,33.81419548,-84.39300786,Atlanta,GA,US,0,0.0,2.0,2,https://www.homeaway.com/vacation-rental/p7594296?uni_id=7037246,True,513
352,7564300,7192.0,899.0,,7192.0,33.81779302,-84.47767432,Atlanta,GA,US,0,0.0,2.0,3,https://www.homeaway.com/vacation-rental/p7564300?uni_id=6989564,True,24
353,7582648,16720.0,2090.0,,16720.0,33.78220667,-84.38242292,Atlanta,GA,US,0,0.0,2.0,2,https://www.homeaway.com/vacation-rental/p7582648?uni_id=7019797,True,373
354,7557285,1900.0,237.5,,1900.0,33.76049704,-84.46838401,Atlanta,GA,US,0,0.0,1.0,3,https://www.homeaway.com/vacation-rental/p7557285?uni_id=6982421,True,47
355,7694447,1800.0,225.0,,1800.0,33.78933841,-84.36655438,Atlanta,GA,US,0,0.0,2.0,3,https://www.homeaway.com/vacation-rental/p7694447?uni_id=7162322,True,66
356,v1509305,1800.0,225.0,,1800.0,33.76485938,-84.33332464,Atlanta,GA,US,0,0.0,1.0,1,https://www.vrbo.com/1509305?unitId=2068097,True,38
357,7517897,717.6,89.7,,717.6,33.82349036,-84.36756283,Atlanta,GA,US,0,0.0,1.0,1,https://www.homeaway.com/vacation-rental/p7517897?uni_id=6930492,True,162
358,7662980,1440.0,180.0,,1440.0,33.78905862,-84.40910855,Atlanta,GA,US,0,0.0,1.0,1,https://www.homeaway.com/vacation-rental/p7662980?uni_id=7123565,True,95
359,7539424,1160.0,145.0,,1160.0,33.86029413,-84.43666358,Atlanta,GA,US,0,0.0,1.0,1,https://www.homeaway.com/vacation-rental/p7539424?uni_id=6957955,True,5
360,7631748,822.2,102.78,,822.2,33.84240753,-84.37560008,Atlanta,GA,US,0,0.0,2.0,1,https://www.homeaway.com/vacation-rental/p7631748?uni_id=7079912,True,50
361,4920336,1772.0,221.5,,1772.0,33.77851786,-84.39017087,Atlanta,GA,US,0,0.0,2.0,2,https://www.homeaway.com/vacation-rental/p4920336?uni_id=6042703,True,373
362,7581765,1200.0,150.0,,1200.0,33.7365455,-84.39976178,Atlanta,GA,US,0,0.0,2.0,3,https://www.homeaway.com/vacation-rental/p7581765?uni_id=7017522,True,128
363,v1541211,16000.0,2000.0,,16000.0,33.8179661,-84.44163363,Atlanta,GA,US,0,0.0,3.0,4,https://www.vrbo.com/1541211?unitId=2100932,True,26
364,7586575,912.0,114.0,,912.0,33.739775,-84.4171237,Atlanta,GA,US,0,0.0,2.0,2,https://www.homeaway.com/vacation-rental/p7586575?uni_id=7026974,True,159
365,4269205,944.0,118.0,,944.0,33.731734,-84.376127,Atlanta,GA,US,17,5.0,1.0,1,https://www.homeaway.com/vacation-rental/p4269205?uni_id=4677231,True,87
366,v499387,2394.18,299.27,,2394.18,33.785216,-84.357218,Atlanta,GA,US,28,4.6666665,2.0,3,https://www.vrbo.com/499387?unitId=1082568,True,47
367,4060908,1080.0,135.0,,1080.0,33.73257769,-84.39473002,Atlanta,GA,US,3,3.3333333,2.0,3,https://www.homeaway.com/vacation-rental/p4060908?uni_id=4456045,True,128
368,7577004,4000.0,500.0,,4000.0,33.8140648,-84.4246916,Atlanta,GA,US,0,0.0,2.0,2,https://www.homeaway.com/vacation-rental/p7577004?uni_id=7009050,True,2
369,7592178,8000.0,1000.0,,8000.0,33.82026119,-84.36057395,Atlanta,GA,US,0,0.0,2.0,2,https://www.homeaway.com/vacation-rental/p7592178?uni_id=7034614,True,92
370,v1616971,1200.0,150.0,,1200.0,33.65748121,-84.51976734,Atlanta,GA,US,0,0.0,2.0,3,https://www.vrbo.com/1616971?unitId=2178270,True,19
371,v1527370,2397.6,299.7,,2397.6,33.7231267,-84.4401794,Atlanta,GA,US,0,0.0,2.0,3,https://www.vrbo.com/1527370?unitId=2086169,True,36
372,v1527095,2155.5,269.44,,2155.5,33.7147977,-84.44862288,Atlanta,GA,US,0,0.0,2.0,4,https://www.vrbo.com/1527095?unitId=2085894,True,60
373,7582633,12000.0,1500.0,,12000.0,33.664520399999994,-84.3828275,Atlanta,GA,US,0,0.0,2.0,2,https://www.vacationrentals.com/listing/p7582633?uni_id=7019733,True,38
374,7470122,60000.0,7500.0,,60000.0,33.74976217,-84.39422572,Atlanta,GA,US,0,0.0,2.0,2,https://www.homeaway.com/vacation-rental/p7470122?uni_id=6867789,True,512
375,7517239,80000.0,10000.0,,80000.0,33.75427161,-84.36001919,Atlanta,GA,US,0,0.0,4.0,4,https://www.homeaway.com/vacation-rental/p7517239?uni_id=6929834,True,74
376,7586539,3600.0,450.0,,3600.0,33.79051226,-84.40105715,ATLANTA,GA,US,0,0.0,3.0,3,https://www.homeaway.com/vacation-rental/p7586539?uni_id=7026938,True,62
377,7582504,20000.0,2500.0,,20000.0,33.79273744,-84.40329488,Atlanta,GA,US,0,0.0,2.0,3,https://www.homeaway.com/vacation-rental/p7582504?uni_id=7019410,True,59
378,v1146704,1592.0,199.0,,1592.0,33.7426742,-84.35306240000001,Atlanta,GA,US,0,0.0,1.0,3,https://www.vrbo.com/1146704?unitId=1694915,True,18
379,7583927,12000.0,1500.0,,12000.0,33.78884420000001,-84.39177326,Atlanta,GA,US,0,0.0,2.0,2,https://www.homeaway.com/vacation-rental/p7583927?uni_id=7022959,True,96
380,v1548831,2000.0,250.0,,2000.0,33.74328155,-84.35657791,Atlanta,GA,US,0,0.0,1.0,1,https://www.vrbo.com/1548831?unitId=2108579,True,18
381,7591746,2520.0,315.0,,2520.0,33.75531075,-84.41222525,Atlanta,GA,US,0,0.0,2.0,4,https://www.homeaway.com/vacation-rental/p7591746?uni_id=7034022,True,136
382,7556827,80000.0,10000.0,,80000.0,33.76434077,-84.41315216,Atlanta,GA,US,0,0.0,5.0,5,https://www.homeaway.com/vacation-rental/p7556827?uni_id=6981872,True,89
383,7559812,16000.0,2000.0,,16000.0,33.76183096,-84.38631901,Atlanta,GA,US,0,0.0,2.0,2,https://www.homeaway.com/vacation-rental/p7559812?uni_id=6985021,True,512
384,7533571,4335.0,541.88,,4335.0,33.745667499999996,-84.32574503,Atlanta,GA,US,0,0.0,2.0,3,https://www.homeaway.com/vacation-rental/p7533571?uni_id=6948278,True,513
385,v1549341,6400.0,800.0,,6400.0,33.73986824,-84.34493151,Atlanta,GA,US,0,0.0,2.0,3,https://www.vrbo.com/1549341?unitId=2109095,True,43
386,v1554351,2400.0,300.0,,2400.0,33.77987593,-84.36416416,Atlanta,GA,US,0,0.0,1.0,3,https://www.vrbo.com/1554351?unitId=2114115,True,47
387,v1555333,1800.0,225.0,,1800.0,33.7558843,-84.4437479,Atlanta,GA,US,0,0.0,2.0,3,https://www.vrbo.com/1555333?unitId=2115108,True,10
388,v1555575,1600.0,200.0,,1600.0,33.72412409,-84.37763919,Atlanta,GA,US,0,0.0,1.0,1,https://www.vrbo.com/1555575?unitId=2115350,True,9
389,7597008,3200.0,400.0,,3200.0,33.76754086,-84.39301283,Atlanta,GA,US,0,0.0,2.0,2,https://www.homeaway.com/vacation-rental/p7597008?uni_id=7040636,True,512
390,v1550197,1200.0,150.0,,1200.0,33.72770666,-84.43633268,Atlanta,GA,US,0,0.0,2.0,3,https://www.vrbo.com/1550197?unitId=2109953,True,11
391,7159911,2392.0,299.0,,2392.0,33.73217479,-84.44147627,Atlanta,GA,US,0,0.0,1.0,2,https://www.homeaway.com/vacation-rental/p7159911?uni_id=6322981,True,36
392,4593171,1000.0,125.0,,1000.0,33.7764,-84.3889,Atlanta,GA,US,5,3.8,1.0,0,https://www.homeaway.com/vacation-rental/p4593171?uni_id=5251836,True,373
393,7560697,7380.0,922.5,,7380.0,33.77561991,-84.35744017,Atlanta,GA,US,0,0.0,4.0,6,https://www.homeaway.com/vacation-rental/p7560697?uni_id=6985910,True,47
394,v1532445,1020.0,127.5,,1020.0,33.78382311,-84.366679,Atlanta,GA,US,0,0.0,1.0,2,https://www.vrbo.com/1532445?unitId=2091247,True,47
395,4520263,1423.0,177.88,,1423.0,33.7725223,-84.3659676,Atlanta,GA,US,2,5.0,1.0,1,https://www.homeaway.com/vacation-rental/p4520263?uni_id=5123827,True,132
396,4495495,1110.0,138.75,,1110.0,33.7669855,-84.34672809999999,Atlanta,GA,US,2,4.5,1.0,2,https://www.homeaway.com/vacation-rental/p4495495?uni_id=5087779,True,38
397,10185765,1601.92,200.24,,1601.92,33.7727676,-84.3657582,Atlanta,GA,US,0,0.0,1.0,1,https://www.homeaway.co.uk/p10185765?uni_id=5210261,False,132
398,10185784,1456.05,182.01,,1456.05,33.7727676,-84.3657582,Atlanta,GA,US,0,0.0,1.0,1,https://www.homeaway.co.uk/p10185784?uni_id=5210280,False,132
399,10185810,2082.1,260.26,,2082.1,33.8210599,-84.38878220000001,Atlanta,GA,US,0,0.0,2.0,2,https://www.homeaway.co.uk/p10185810?uni_id=5210306,False,28
400,4682314,1045.0,130.63,,1045.0,33.770716,-84.36297309999999,Atlanta,GA,US,0,0.0,1.0,1,https://www.homeaway.com/vacation-rental/p4682314?uni_id=5590833,True,30
401,7655468,2270.0,283.75,,2270.0,33.75052005,-84.4048879,Atlanta,GA,US,0,0.0,2.0,2,https://www.homeaway.com/vacation-rental/p7655468?uni_id=7115895,True,21
402,v1549007,4000.0,500.0,,4000.0,33.78784241,-84.41080513,Atlanta,GA,US,0,0.0,2.0,2,https://www.vrbo.com/1549007?unitId=2108761,True,95
403,7587379,5600.0,700.0,,5600.0,33.77048308,-84.39361963,Atlanta,GA,US,0,0.0,3.0,2,https://www.homeaway.com/vacation-rental/p7587379?uni_id=7027908,True,512
404,7556500,640.0,80.0,,640.0,33.79630018,-84.41011453,Atlanta,GA,US,0,0.0,1.0,1,https://www.homeaway.com/vacation-rental/p7556500?uni_id=6981488,True,95
405,7480207,800.0,100.0,,800.0,33.82203387,-84.36833263,Atlanta,GA,US,0,0.0,1.0,1,https://www.homeaway.com/vacation-rental/p7480207?uni_id=6883208,True,162
406,4745959,776.0,97.0,,776.0,33.749015,-84.32167199999999,Atlanta,GA,US,1,5.0,1.0,2,https://www.homeaway.com/vacation-rental/p4745959?uni_id=5725102,True,16
407,7570297,12800.0,1600.0,,12800.0,33.85388834,-84.36015390000001,Atlanta,GA,US,0,0.0,1.0,1,https://www.homeaway.com/vacation-rental/p7570297?uni_id=6997955,True,102
408,v1545498,9600.0,1200.0,,9600.0,33.73684553,-84.37675428,Atlanta,GA,US,0,0.0,2.0,2,https://www.vrbo.com/1545498?unitId=2105241,True,87
409,v1553403,8000.0,1000.0,,8000.0,33.7786071,-84.34889857,Atlanta,GA,US,0,0.0,2.0,1,https://www.vrbo.com/1553403?unitId=2113165,True,47
410,v1553368,3992.0,499.0,,3992.0,33.85955635,-84.36125008,Atlanta,GA,US,0,0.0,2.0,2,https://www.vrbo.com/1553368?unitId=2113130,True,102
411,7562751,8000.0,1000.0,,8000.0,33.81266204,-84.43433548,Atlanta,GA,US,0,0.0,1.0,1,https://www.homeaway.com/vacation-rental/p7562751?uni_id=6988000,True,61
412,7566438,32000.0,4000.0,,32000.0,33.74233385,-84.37941094,Atlanta,GA,US,0,0.0,1.0,2,https://www.homeaway.com/vacation-rental/p7566438?uni_id=6991720,True,87
413,7529110,28000.0,3500.0,,28000.0,33.73547338,-84.4405015,Atlanta,GA,US,0,0.0,2.0,4,https://www.homeaway.com/vacation-rental/p7529110?uni_id=6942680,True,59
414,v1546683,7600.0,950.0,,7600.0,33.6640487,-84.3815677,Atlanta,GA,US,0,0.0,2.0,2,https://www.vrbo.com/1546683?unitId=2106430,True,16
415,v1551915,8000.0,1000.0,,8000.0,33.74573137,-84.37499362,Atlanta,GA,US,0,0.0,2.0,2,https://www.vrbo.com/1551915?unitId=2111676,True,87
416,7689010,1466.64,183.33,,1466.64,33.81555701,-84.35373382,Atlanta,GA,US,0,0.0,1.0,2,https://www.homeaway.com/vacation-rental/p7689010?uni_id=7152862,True,92
417,v1546217,4644.0,580.5,,4644.0,33.75963271,-84.37152424,Atlanta,GA,US,0,0.0,3.0,4,https://www.vrbo.com/1546217?unitId=2105964,True,132
418,7518054,10276.0,1284.5,,10276.0,33.8046075,-84.4052219,Atlanta,GA,US,0,0.0,3.0,4,https://www.homeaway.com/vacation-rental/p7518054?uni_id=6930649,True,7
419,v1619116,1927.0,240.88,,1927.0,33.766259399999996,-84.4161792,Atlanta,GA,US,0,0.0,2.0,3,https://www.vrbo.com/1619116?unitId=2180415,True,89
420,v1506913,4000.0,500.0,,4000.0,33.72036799,-84.41161124,Atlanta,GA,US,0,0.0,2.0,3,https://www.vrbo.com/1506913?unitId=2065702,True,59
421,v1551832,7200.0,900.0,,7200.0,33.75154998,-84.39895857,Atlanta,GA,US,0,0.0,1.0,1,https://www.vrbo.com/1551832?unitId=2111593,True,72
422,v1546714,6400.0,800.0,,6400.0,33.85187306,-84.35947621,Atlanta,GA,US,0,0.0,1.0,1,https://www.vrbo.com/1546714?unitId=2106461,True,74
423,v1544269,20000.0,2500.0,,20000.0,33.75192333,-84.3889149,Atlanta,GA,US,0,0.0,1.0,1,https://www.vrbo.com/1544269?unitId=2104003,True,512
424,7586994,3200.0,400.0,,3200.0,33.72947769,-84.38255157,Atlanta,GA,US,0,0.0,2.0,4,https://www.homeaway.com/vacation-rental/p7586994?uni_id=7027393,True,43
425,v1550486,10400.0,1300.0,,10400.0,33.83117141,-84.37066799,Atlanta,GA,US,0,0.0,2.0,4,https://www.vrbo.com/1550486?unitId=2110242,True,37
426,v1550109,12000.0,1500.0,,12000.0,33.73508359,-84.48981949,Atlanta,GA,US,0,0.0,1.0,2,https://www.vrbo.com/1550109?unitId=2109865,True,7
427,v1527355,7200.0,900.0,,7200.0,33.83886118,-84.36519472,Atlanta,GA,US,0,0.0,1.0,1,https://www.vrbo.com/1527355?unitId=2086154,True,15
428,7678156,1800.0,225.0,,1800.0,33.73432926,-84.38561679,Atlanta,GA,US,0,0.0,2.0,3,https://www.homeaway.com/vacation-rental/p7678156?uni_id=7141868,True,43
429,7562617,4000.0,500.0,,4000.0,33.77272101,-84.36547097,Atlanta,GA,US,0,0.0,1.0,1,https://www.homeaway.com/vacation-rental/p7562617?uni_id=6987866,True,132
430,v1551554,10000.0,1250.0,,10000.0,33.8561396,-84.357184,Atlanta,GA,US,0,0.0,2.0,3,https://www.vrbo.com/1551554?unitId=2111315,True,5
431,7558623,20000.0,2500.0,,20000.0,33.74332499,-84.38946338,Atlanta,GA,US,0,0.0,2.0,2,https://www.homeaway.com/vacation-rental/p7558623?uni_id=6983827,True,43
432,v1548563,3400.0,425.0,,3400.0,33.7573291,-84.36186692,Atlanta,GA,US,0,0.0,1.0,1,https://www.vrbo.com/1548563?unitId=2108311,True,74
433,v1525771,1600.0,200.0,,1600.0,33.76181210000001,-84.4140453,Atlanta,GA,US,0,0.0,2.0,3,https://www.vrbo.com/1525771?unitId=2084570,True,136
434,7595017,1032.0,129.0,,1032.0,33.81607485,-84.39108259,Atlanta,GA,US,0,0.0,2.0,2,https://www.homeaway.com/vacation-rental/p7595017?uni_id=7038050,True,513
435,7702636,940.8,117.6,,940.8,33.843135,-84.36810507,Atlanta,GA,US,0,0.0,1.0,1,https://www.homeaway.com/vacation-rental/p7702636?uni_id=7175183,True,15
436,v1546028,32000.0,4000.0,,32000.0,33.75533373,-84.40309371,Atlanta,GA,US,0,0.0,2.0,2,https://www.vrbo.com/1546028?unitId=2105775,True,136
437,7703780,960.0,120.0,,960.0,33.84314379,-84.36576372,Atlanta,GA,US,0,0.0,1.0,1,https://www.homeaway.com/vacation-rental/p7703780?uni_id=7176519,True,15
438,v1543606,16000.0,2000.0,,16000.0,33.78268143,-84.37998787,Atlanta,GA,US,0,0.0,1.0,1,https://www.vrbo.com/1543606?unitId=2103333,True,373
439,v1551496,4000.0,500.0,,4000.0,33.73753793,-84.3854511,Atlanta,GA,US,0,0.0,2.0,3,https://www.vrbo.com/1551496?unitId=2111257,True,43
440,7577548,32000.0,4000.0,,32000.0,33.748893599999995,-84.39251800000001,Atlanta,GA,US,0,0.0,2.0,2,https://www.homeaway.com/vacation-rental/p7577548?uni_id=7009940,True,512
441,v1549083,6000.0,750.0,,6000.0,33.75163726,-84.39989028,Atlanta,GA,US,0,0.0,1.0,1,https://www.vrbo.com/1549083?unitId=2108837,True,72
442,7573207,2000.0,250.0,,2000.0,33.67763745,-84.48944661,ATLANTA,GA,US,0,0.0,1.0,1,https://www.homeaway.com/vacation-rental/p7573207?uni_id=7002925,True,93
443,7579558,12000.0,1500.0,,12000.0,33.71912902,-84.42752927,Atlanta,GA,US,0,0.0,2.0,4,https://www.homeaway.com/vacation-rental/p7579558?uni_id=7012937,True,107
444,7555442,8000.0,1000.0,,8000.0,33.70645365,-84.38512927,Atlanta,GA,US,0,0.0,2.0,3,https://www.homeaway.com/vacation-rental/p7555442?uni_id=6980112,True,75
445,7564124,2552.0,319.0,,2552.0,33.73732567,-84.34385654,Atlanta,GA,US,0,0.0,1.0,1,https://www.homeaway.com/vacation-rental/p7564124?uni_id=6989388,True,43
446,v1554781,5024.4,628.05,,5024.4,33.76219333,-84.37419337,Atlanta,GA,US,0,0.0,2.0,2,https://www.vrbo.com/1554781?unitId=2114556,True,132
447,v1554763,7600.0,950.0,,7600.0,33.7091575,-84.40957845,Atlanta,GA,US,0,0.0,2.0,3,https://www.vrbo.com/1554763?unitId=2114538,True,105
448,v1544500,2400.0,300.0,,2400.0,33.79969738,-84.36417906,Atlanta,GA,US,0,0.0,1.0,1,https://www.vrbo.com/1544500?unitId=2104234,True,66
449,v1549723,12800.0,1600.0,,12800.0,33.85657143,-84.35779966,Atlanta,GA,US,0,0.0,1.0,1,https://www.vrbo.com/1549723?unitId=2109477,True,5
450,v1544500,2400.0,300.0,,2400.0,33.79969738,-84.36417906,Atlanta,GA,US,0,0.0,1.0,1,https://www.vrbo.com/1544500?unitId=2104234,True,66
451,v1541111,2392.0,299.0,,2392.0,33.76375146,-84.44092261,Atlanta,GA,US,0,0.0,2.0,3,https://www.vrbo.com/1541111?unitId=2100829,True,108
452,v1522382,56000.0,7000.0,,56000.0,33.81584579,-84.41491755,Atlanta,GA,US,0,0.0,5.0,4,https://www.vrbo.com/1522382?unitId=2081178,True,4
453,v1539142,7048.8,881.1,,7048.8,33.82243991,-84.42582024,Atlanta,GA,US,0,0.0,2.0,3,https://www.vrbo.com/1539142?unitId=2098851,True,2
454,7592898,8000.0,1000.0,,8000.0,33.75145027,-84.399203,Atlanta,GA,US,0,0.0,2.0,2,https://www.homeaway.com/vacation-rental/p7592898?uni_id=7035567,True,72
455,7560868,1000.0,125.0,,1000.0,33.70099955,-84.3866385,atlanta,GA,US,0,0.0,2.0,3,https://www.homeaway.com/vacation-rental/p7560868?uni_id=6986081,True,75
456,7579469,24000.0,3000.0,,24000.0,33.76772924,-84.38392528,Atlanta,GA,US,0,0.0,2.0,2,https://www.homeaway.com/vacation-rental/p7579469?uni_id=7012800,True,512
457,7422073,1592.0,199.0,,1592.0,33.79242318,-84.40665888,Atlanta,GA,US,0,0.0,1.0,1,https://www.homeaway.com/vacation-rental/p7422073?uni_id=6799855,True,59
458,v1360261,16000.0,2000.0,,16000.0,33.8118466,-84.4008713,Atlanta,GA,US,0,0.0,3.0,4,https://www.vrbo.com/1360261?unitId=1918613,True,4
459,v1511571,1200.0,150.0,,1200.0,33.86100754,-84.39335643,Atlanta,GA,US,0,0.0,1.0,1,https://www.vrbo.com/1511571?unitId=2070364,True,7
460,v1548377,8000.0,1000.0,,8000.0,33.83719604,-84.37416381,Atlanta,GA,US,0,0.0,2.0,2,https://www.vrbo.com/1548377?unitId=2108125,True,59
461,7179960,9600.0,1200.0,,9600.0,33.78814008,-84.40177695,Atlanta,GA,US,0,0.0,2.0,2,https://www.homeaway.com/vacation-rental/p7179960?uni_id=6352284,True,96
462,v1559672,1920.0,240.0,,1920.0,33.74834113,-84.40708768,Atlanta,GA,US,0,0.0,3.0,2,https://www.vrbo.com/1559672?unitId=2119481,True,21
463,7519488,60000.0,7500.0,,60000.0,33.83097832,-84.37513863,Atlanta,GA,US,0,0.0,3.0,4,https://www.homeaway.com/vacation-rental/p7519488?uni_id=6932113,True,37
464,v1582782,902.0,112.75,,902.0,33.67607507,-84.41195711,Atlanta,GA,US,0,0.0,2.0,4,https://www.vrbo.com/1582782?unitId=2144049,True,36
465,v1541856,12000.0,1500.0,,12000.0,33.75180237,-84.38645999,Atlanta,GA,US,0,0.0,1.0,2,https://www.vrbo.com/1541856?unitId=2101577,True,512
466,v1548983,24000.0,3000.0,,24000.0,33.75414423,-84.3726578,Atlanta,GA,US,0,0.0,2.0,1,https://www.vrbo.com/1548983?unitId=2108737,True,47
467,v1549638,4400.0,550.0,,4400.0,33.7305749,-84.388195,Atlanta,GA,US,0,0.0,2.0,2,https://www.vrbo.com/1549638?unitId=2109392,True,43
468,7564978,1432.0,179.0,,1432.0,33.82758917,-84.35925859999999,Atlanta,GA,US,0,0.0,2.0,2,https://www.homeaway.com/vacation-rental/p7564978?uni_id=6990245,True,22
469,v1535516,9600.0,1200.0,,9600.0,33.743771,-84.38682852,Atlanta,GA,US,0,0.0,2.0,3,https://www.vrbo.com/1535516?unitId=2095195,True,43
470,7676323,594.0,74.25,,594.0,33.83121539,-84.38601017,Atlanta,GA,US,0,0.0,1.0,1,https://www.homeaway.com/vacation-rental/p7676323?uni_id=7139791,True,28
471,v1463702,40000.0,5000.0,,40000.0,33.778277100000004,-84.38101844,Atlanta,GA,US,0,0.0,2.0,2,https://www.vrbo.com/1463702?unitId=2022291,True,373
472,v1507816,20000.0,2500.0,,20000.0,33.77662513,-84.36200853,Atlanta,GA,US,0,0.0,1.0,3,https://www.vrbo.com/1507816?unitId=2066605,True,47
473,v1486949,7960.0,995.0,,7960.0,33.78593424,-84.39104789,Atlanta,GA,US,0,0.0,1.0,1,https://www.vrbo.com/1486949?unitId=2045580,True,96
474,v1521398,1600.0,200.0,,1600.0,33.73125243,-84.41389994,Atlanta,GA,US,0,0.0,1.0,2,https://www.vrbo.com/1521398?unitId=2080194,True,61
475,v1521398,1600.0,200.0,,1600.0,33.73125243,-84.41389994,Atlanta,GA,US,0,0.0,1.0,2,https://www.vrbo.com/1521398?unitId=2080194,True,61
476,7700990,1200.0,150.0,,1200.0,33.79062016,-84.40023306,Atlanta,GA,US,0,0.0,2.0,1,https://www.homeaway.com/vacation-rental/p7700990?uni_id=7173162,True,62
477,7606964,1372.0,171.5,,1372.0,33.82323409,-84.3665546,Atlanta,GA,US,0,0.0,2.0,2,https://www.homeaway.com/vacation-rental/p7606964?uni_id=7051820,True,162
478,v1495224,1400.0,175.0,,1400.0,33.85355189,-84.38451451,Atlanta,GA,US,0,0.0,1.0,1,https://www.vrbo.com/1495224?unitId=2053930,True,5
479,4653888,1052.0,131.5,,1052.0,33.7777239,-84.3871408,Atlanta,GA,US,1,2.0,1.0,1,https://www.homeaway.com/vacation-rental/p4653888?uni_id=5414541,True,373
480,4467362,796.0,99.5,,796.0,33.78025584,-84.41118794,Atlanta,GA,US,1,4.0,1.0,1,https://www.homeaway.com/vacation-rental/p4467362?uni_id=5055116,True,96
481,v1431157,1000.0,125.0,,1000.0,33.7357347,-84.41611918,Atlanta,GA,US,0,0.0,1.0,1,https://www.vrbo.com/1431157?unitId=1989681,True,159
482,v1541117,2392.0,299.0,,2392.0,33.755284499999995,-84.44209345,Atlanta,GA,US,0,0.0,2.0,3,https://www.vrbo.com/1541117?unitId=2100835,True,10
483,7568498,2000.0,250.0,,2000.0,33.83209417,-84.38562474,Atlanta,GA,US,0,0.0,1.0,1,https://www.homeaway.com/vacation-rental/p7568498?uni_id=6993842,True,28
484,7624635,1200.0,150.0,,1200.0,33.77050386,-84.43526829,Atlanta,GA,US,0,0.0,1.0,3,https://www.homeaway.com/vacation-rental/p7624635?uni_id=7072693,True,108
485,7558350,1822.5,227.81,,1822.5,33.81325386,-84.35454593,Atlanta,GA,US,0,0.0,2.0,2,https://www.homeaway.com/vacation-rental/p7558350?uni_id=6983554,True,92
486,v1521323,828.0,103.5,,828.0,33.695882399999995,-84.3873248,Atlanta,GA,US,0,0.0,2.0,3,https://www.vrbo.com/1521323?unitId=2080119,True,12
487,7413256,1929.92,241.24,,1929.92,33.7352044,-84.45227840000001,Atlanta,GA,US,0,0.0,2.0,3,https://www.homeaway.com/vacation-rental/p7413256?uni_id=6789708,True,9
488,7409043,1976.88,247.11,,1976.88,33.732659399999996,-84.4044832,Atlanta,GA,US,0,0.0,2.0,4,https://www.homeaway.com/vacation-rental/p7409043?uni_id=6784863,True,85
489,v1330014,3415.0,426.88,,3415.0,33.72285838,-84.44813476,Atlanta,GA,US,2,3.0,3.0,6,https://www.vrbo.com/1330014?unitId=1888319,True,36
490,4636828,1472.0,184.0,,1472.0,33.76466,-84.39732,Atlanta,GA,US,0,0.0,1.0,0,https://www.homeaway.com/vacation-rental/p4636828?uni_id=5930029,True,512
491,v682977,822.0,102.75,,822.0,33.70414295,-84.39725918,Atlanta,GA,US,14,4.5,1.0,1,https://www.vrbo.com/682977?unitId=1230915,True,75
492,v1240550,7600.0,950.0,,7600.0,33.8698754,-84.37798659999999,Atlanta,GA,US,0,0.0,2.0,4,https://www.vrbo.com/1240550?unitId=1791488,True,102
493,v831953,1592.0,199.0,,1592.0,33.7644467,-84.3488902,Atlanta,GA,US,3,5.0,1.0,1,https://www.vrbo.com/831953?unitId=1379892,True,38
494,7619388,1072.8,134.1,,1072.8,33.84734264,-84.369173,Atlanta,GA,US,0,0.0,1.0,1,https://www.homeaway.com/vacation-rental/p7619388?uni_id=7066679,True,102
495,4560074,1060.0,132.5,,1060.0,33.837025,-84.3747979,Atlanta,GA,US,1,5.0,1.0,1,https://www.homeaway.com/vacation-rental/p4560074?uni_id=5169329,True,37
496,v1545777,52000.0,6500.0,,52000.0,33.86854139,-84.36686949,Atlanta,GA,US,0,0.0,6.0,6,https://www.vrbo.com/1545777?unitId=2105524,True,102
497,7620215,792.0,99.0,,792.0,33.79182855,-84.40766138,Atlanta,GA,US,0,0.0,1.0,1,https://www.homeaway.com/vacation-rental/p7620215?uni_id=7067759,True,59
498,v1319061,840.0,105.0,,840.0,33.74158618,-84.41490121,Atlanta,GA,US,2,5.0,1.0,1,https://www.vrbo.com/1319061?unitId=1877346,True,25
499,4509119,3600.0,450.0,,3600.0,33.75836055,-84.40396921,Atlanta,GA,US,0,0.0,1.0,2,https://www.homeaway.com/vacation-rental/p4509119?uni_id=5112404,True,136
500,v1027655,633.6,79.2,,633.6,33.76481152,-84.38224293,Atlanta,GA,US,7,4.5,1.0,1,https://www.vrbo.com/1027655?unitId=1575603,True,512
501,v1476847,1053.0,131.63,,1053.0,33.85376711,-84.36194987,Atlanta,GA,US,0,0.0,1.0,1,https://www.vrbo.com/1476847?unitId=2035467,True,102
502,v1141230,1517.15,189.64,,1517.15,33.756427200000005,-84.42262209999998,Atlanta,GA,US,6,5.0,2.0,3,https://www.vrbo.com/1141230?unitId=1689439,True,21
503,v453139,1700.0,212.5,,1700.0,33.753901899999995,-84.37398,Atlanta,GA,US,70,4.75,2.0,2,https://www.vrbo.com/453139?unitId=1036250,True,47
504,v432058,1136.8,142.1,,1136.8,33.809256,-84.40825,Atlanta,GA,US,20,4.5789475,1.0,2,https://www.vrbo.com/432058?unitId=1015108,True,6
505,7132741,4000.0,500.0,,4000.0,33.8119091,-84.42834432,Atlanta,GA,US,0,0.0,2.0,2,https://www.homeaway.com/vacation-rental/p7132741?uni_id=6279520,True,61
506,v746812,1592.0,199.0,,1592.0,33.7890554,-84.39980455,Atlanta,GA,US,20,4.55,2.0,2,https://www.vrbo.com/746812?unitId=1294750,True,96
507,7366055,2000.0,250.0,,2000.0,33.7838565,-84.41057295,Atlanta,GA,US,0,0.0,1.0,1,https://www.homeaway.com/vacation-rental/p7366055?uni_id=6724740,True,96
508,7570153,800.0,100.0,,800.0,33.85356265,-84.38499223,Atlanta,GA,US,0,0.0,1.0,1,https://www.homeaway.com/vacation-rental/p7570153?uni_id=6997601,True,5
509,v434283,3800.0,475.0,,3800.0,33.7929419,-84.3813988,Atlanta,GA,US,9,5.0,3.0,4,https://www.vrbo.com/434283?unitId=1017333,True,16
510,4759121,4000.0,500.0,,4000.0,33.80982919,-84.38881157,Atlanta,GA,US,0,0.0,1.0,1,https://www.homeaway.com/vacation-rental/p4759121?uni_id=5742094,True,11
511,v1469239,1576.0,197.0,,1576.0,33.76459296,-84.3467949,Atlanta,GA,US,0,0.0,1.0,2,https://www.vrbo.com/1469239?unitId=2027853,True,38
512,4146625,960.0,120.0,,960.0,33.762541799999994,-84.38787359999999,Atlanta,GA,US,11,3.090909,1.0,1,https://www.homeaway.com/vacation-rental/p4146625?uni_id=4547475,True,512
513,v590341,6440.0,805.0,,6440.0,33.759046000000005,-84.322322,Atlanta,GA,US,9,4.888889,3.0,4,https://www.vrbo.com/590341?unitId=1137658,True,16
514,4497359,830.0,103.75,,830.0,33.7590875,-84.3517922,Atlanta,GA,US,5,4.8,1.0,1,https://www.homeaway.com/vacation-rental/p4497359?uni_id=5089762,True,74
515,v1034493,1472.0,184.0,,1472.0,33.74995897,-84.40316647,Atlanta,GA,US,10,4.7,2.0,2,https://www.vrbo.com/1034493?unitId=1582441,True,72
516,4648442,1853.0,231.63,,1853.0,33.82100870000001,-84.3889018,Atlanta,GA,US,1,5.0,2.0,2,https://www.homeaway.com/vacation-rental/p4648442?uni_id=5406940,True,28
517,v1020005,3940.0,492.5,,3940.0,33.840394,-84.362539,Atlanta,GA,US,1,3.0,3.0,4,https://www.vrbo.com/1020005?unitId=1567953,True,15
518,4539119,2092.0,261.5,,2092.0,33.79115,-84.39751,Atlanta,GA,US,0,0.0,1.0,1,https://www.homeaway.com/vacation-rental/p4539119?uni_id=5144982,True,62
519,4870221,1200.0,150.0,,1200.0,33.73043569,-84.50694149,Atlanta,GA,US,0,0.0,2.0,2,https://www.homeaway.com/vacation-rental/p4870221?uni_id=5895576,True,513
520,v1539125,20000.0,2500.0,,20000.0,33.85841786,-84.35992590000001,Atlanta,GA,US,0,0.0,6.0,5,https://www.vrbo.com/1539125?unitId=2098834,True,102
521,v1135050,1085.71,135.71,,1085.71,33.764135700000004,-84.35504420000001,Atlanta,GA,US,4,5.0,1.0,1,https://www.vrbo.com/1135050?unitId=1683259,True,74
522,v850114,880.0,110.0,,880.0,33.83925747,-84.37989103,Atlanta,GA,US,16,4.9375,1.0,1,https://www.vrbo.com/850114?unitId=1398053,True,59
523,4538649,1262.0,157.75,,1262.0,33.8352,-84.36818000000001,Atlanta,GA,US,0,0.0,1.0,0,https://www.homeaway.com/vacation-rental/p4538649?uni_id=5933203,True,37
524,v809690,1713.12,214.14,,1713.12,33.7644467,-84.3488902,Atlanta,GA,US,4,5.0,2.0,2,https://www.vrbo.com/809690?unitId=1357628,True,38
525,4730215,8392.0,1049.0,,8392.0,33.85053744,-84.38135565,Atlanta,GA,US,3,4.6666665,3.0,7,https://www.homeaway.com/vacation-rental/p4730215?uni_id=5703448,True,50
526,4636753,1890.0,236.25,,1890.0,33.76554,-84.38768,Atlanta,GA,US,0,0.0,1.0,1,https://www.homeaway.com/vacation-rental/p4636753?uni_id=5393009,True,512
527,4613062,520.0,65.0,,520.0,33.79247919,-84.44852447,Atlanta,GA,US,2,5.0,1.0,1,https://www.homeaway.com/vacation-rental/p4613062?uni_id=5350880,True,32
528,4135023,977.68,122.21,,977.68,33.6875601,-84.3682055,Atlanta,GA,US,31,4.580645,2.0,3,https://www.homeaway.com/vacation-rental/p4135023?uni_id=4535149,True,52
529,v833043,1371.43,171.43,,1371.43,33.7644467,-84.3488902,Atlanta,GA,US,5,5.0,1.0,1,https://www.vrbo.com/833043?unitId=1380982,True,38
530,v877298,1371.52,171.44,,1371.52,33.67205652,-84.51568993,Atlanta,GA,US,20,4.55,3.0,3,https://www.vrbo.com/877298?unitId=1425237,True,19
531,v1116862,1992.0,249.0,,1992.0,33.70748292,-84.39239562,Atlanta,GA,US,1,3.0,1.0,2,https://www.vrbo.com/1116862?unitId=1665025,True,75
532,4613073,520.0,65.0,,520.0,33.79306136,-84.45013609,Atlanta,GA,US,0,0.0,1.0,3,https://www.homeaway.com/vacation-rental/p4613073?uni_id=5350891,True,32
533,4538743,2965.25,370.66,,2965.25,33.7726,-84.38483000000001,Atlanta,GA,US,1,1.0,1.0,2,https://www.homeaway.com/vacation-rental/p4538743?uni_id=5143705,True,373
534,4771229,1320.0,165.0,,1320.0,33.73162,-84.39527,Atlanta,GA,US,2,3.0,2.0,3,https://www.homeaway.com/vacation-rental/p4771229?uni_id=5755879,True,128
535,v897684,940.0,117.5,,940.0,33.760092799999995,-84.3816193,Atlanta,GA,US,3,2.5,1.0,1,https://www.vrbo.com/897684?unitId=1445625,True,512
536,7266739,2796.0,349.5,,2796.0,33.76951286,-84.38497195,Atlanta,GA,US,0,0.0,1.0,1,https://www.homeaway.com/vacation-rental/p7266739?uni_id=6560545,True,512
537,7266834,3520.0,440.0,,3520.0,33.76946827,-84.38495049,Atlanta,GA,US,0,0.0,2.0,2,https://www.homeaway.com/vacation-rental/p7266834?uni_id=6560718,True,512
538,7266846,2796.0,349.5,,2796.0,33.76949948,-84.38500414,Atlanta,GA,US,0,0.0,1.0,1,https://www.homeaway.com/vacation-rental/p7266846?uni_id=6560738,True,512
539,7266724,3520.0,440.0,,3520.0,33.76943259,-84.38497195,Atlanta,GA,US,0,0.0,2.0,2,https://www.homeaway.com/vacation-rental/p7266724?uni_id=6560520,True,512
540,7266734,3520.0,440.0,,3520.0,33.76949502,-84.38495049,Atlanta,GA,US,0,0.0,2.0,2,https://www.homeaway.com/vacation-rental/p7266734?uni_id=6560534,True,512
541,4808421,936.0,117.0,,936.0,33.7296863,-84.4034178,Atlanta,GA,US,7,4.571429,2.0,3,https://www.homeaway.com/vacation-rental/p4808421?uni_id=5801234,True,85
542,7266841,3520.0,440.0,,3520.0,33.76948611,-84.38498268,Atlanta,GA,US,0,0.0,2.0,2,https://www.homeaway.com/vacation-rental/p7266841?uni_id=6560725,True,512
543,v1545886,1622.6,202.83,,1622.6,33.75604236,-84.39867148,Atlanta,GA,US,2,5.0,1.0,2,https://www.vrbo.com/1545886?unitId=2105633,True,512
544,7509773,1800.0,225.0,,1800.0,33.85240331,-84.36433206,Atlanta,GA,US,0,0.0,1.0,2,https://www.homeaway.com/vacation-rental/p7509773?uni_id=6922272,True,102
545,v1487782,1282.5,160.31,,1282.5,33.81317957,-84.38915801,Atlanta,GA,US,0,0.0,2.0,2,https://www.vrbo.com/1487782?unitId=2046413,True,513
546,v1425694,1032.0,129.0,,1032.0,33.75417044,-84.36727928,Atlanta,GA,US,2,4.5,1.0,2,https://www.vrbo.com/1425694?unitId=1984205,True,132
547,7626097,1251.0,156.38,,1251.0,33.77680593,-84.40633093,Atlanta,GA,US,1,5.0,1.0,1,https://www.homeaway.com/vacation-rental/p7626097?uni_id=7074171,True,1
548,v1549866,2400.0,300.0,,2400.0,33.75520599,-84.41658094,Atlanta,GA,US,0,0.0,2.0,2,https://www.vrbo.com/1549866?unitId=2109622,True,136
549,v1365791,756.5,94.56,,756.5,33.71368036,-84.38928242,Atlanta,GA,US,0,0.0,1.0,3,https://www.vrbo.com/1365791?unitId=1924143,True,34
550,v1546721,1600.0,200.0,,1600.0,33.75028162,-84.40381237,Atlanta,GA,US,0,0.0,1.0,2,https://www.vrbo.com/1546721?unitId=2106468,True,21
551,4634444,1800.0,225.0,,1800.0,33.78646241,-84.3958212,Atlanta,GA,US,0,0.0,2.0,2,https://www.homeaway.com/vacation-rental/p4634444?uni_id=5388826,True,96
552,v1521697,3564.0,445.5,,3564.0,33.7831896,-84.36221450000001,Atlanta,GA,US,0,0.0,2.0,3,https://www.vrbo.com/1521697?unitId=2080493,True,47
553,v1439236,1120.0,140.0,,1120.0,33.77431054,-84.37177056,Atlanta,GA,US,2,5.0,1.0,1,https://www.vrbo.com/1439236?unitId=1997778,True,373
554,7289834,1168.0,146.0,,1168.0,33.85202075,-84.36559265,Atlanta,GA,US,0,0.0,1.0,1,https://www.homeaway.com/vacation-rental/p7289834?uni_id=6604123,True,102
555,v1367060,1080.0,135.0,,1080.0,33.83216608,-84.38161968,Atlanta,GA,US,2,5.0,2.0,2,https://www.vrbo.com/1367060?unitId=1925412,True,37
556,v1423579,8000.0,1000.0,,8000.0,33.74841713,-84.29936963,Atlanta,GA,US,0,0.0,5.0,4,https://www.vrbo.com/1423579?unitId=1982075,True,44
557,v1379109,2782.56,347.82,,2782.56,33.80489232,-84.40846298,Atlanta,GA,US,2,5.0,3.0,5,https://www.vrbo.com/1379109?unitId=1937467,True,6
558,v1530101,8000.0,1000.0,,8000.0,33.74473732,-84.40090159,Atlanta,GA,US,0,0.0,2.0,2,https://www.vrbo.com/1530101?unitId=2088900,True,72
559,v1549866,2400.0,300.0,,2400.0,33.75520599,-84.41658094,Atlanta,GA,US,0,0.0,2.0,2,https://www.vrbo.com/1549866?unitId=2109622,True,136
560,v1365791,756.5,94.56,,756.5,33.71368036,-84.38928242,Atlanta,GA,US,0,0.0,1.0,3,https://www.vrbo.com/1365791?unitId=1924143,True,34
561,7289834,1168.0,146.0,,1168.0,33.85202075,-84.36559265,Atlanta,GA,US,0,0.0,1.0,1,https://www.homeaway.com/vacation-rental/p7289834?uni_id=6604123,True,102
562,v1379109,2782.56,347.82,,2782.56,33.80489232,-84.40846298,Atlanta,GA,US,2,5.0,3.0,5,https://www.vrbo.com/1379109?unitId=1937467,True,6
563,7129397,972.0,121.5,,972.0,33.6873142,-84.4135119,Atlanta,GA,US,20,4.736842,1.0,3,https://www.homeaway.com/vacation-rental/p7129397?uni_id=6276080,True,75
564,7464467,1886.7,235.84,,1886.7,33.75295741,-84.39838990000001,Atlanta,GA,US,1,5.0,1.0,1,https://www.homeaway.com/vacation-rental/p7464467?uni_id=6861893,True,72
565,v1546404,1067.8,133.48,,1067.8,33.76875638,-84.39296592,Atlanta,GA,US,2,4.0,1.0,1,https://www.vrbo.com/1546404?unitId=2106151,True,512
566,7611250,773.5,96.69,,773.5,33.692955,-84.49486999999999,Atlanta,GA,US,0,0.0,2.0,3,https://www.homeaway.com/vacation-rental/p7611250?uni_id=7056407,True,77
567,v1559167,2800.0,350.0,,2800.0,33.7921496,-84.3956788,Atlanta,GA,US,0,0.0,2.0,3,https://www.vrbo.com/1559167?unitId=2118972,True,62
568,7420365,552.0,69.0,,552.0,33.69796876,-84.50675484,Atlanta,GA,US,0,0.0,1.0,3,https://www.homeaway.com/vacation-rental/p7420365?uni_id=6796979,True,11
569,7162646,656.0,82.0,,656.0,33.76616693,-84.37797913,Atlanta,GA,US,1,4.0,1.0,1,https://www.homeaway.com/vacation-rental/p7162646?uni_id=6325896,True,132
570,v1529248,3200.0,400.0,,3200.0,33.70858642,-84.49579185,Atlanta,GA,US,0,0.0,3.0,4,https://www.vrbo.com/1529248?unitId=2088047,True,77
571,7513445,950.0,118.75,,950.0,33.75276232,-84.42666443,Atlanta,GA,US,0,0.0,1.0,3,https://www.homeaway.com/vacation-rental/p7513445?uni_id=6925993,True,53
572,7507396,782.0,97.75,,782.0,33.75345123,-84.41505533,Atlanta,GA,US,0,0.0,1.0,2,https://www.homeaway.com/vacation-rental/p7507396?uni_id=6919851,True,21
573,7519781,1126.0,140.75,,1126.0,33.72364343,-84.38022386,Atlanta,GA,US,1,5.0,1.0,1,https://www.homeaway.com/vacation-rental/p7519781?uni_id=6932406,True,9
574,7145674,1120.0,140.0,,1120.0,33.73293497,-84.43680844,Atlanta,GA,US,2,5.0,2.0,3,https://www.homeaway.com/vacation-rental/p7145674?uni_id=6302114,True,107
575,7129397,972.0,121.5,,972.0,33.6873142,-84.4135119,Atlanta,GA,US,20,4.736842,1.0,3,https://www.homeaway.com/vacation-rental/p7129397?uni_id=6276080,True,75
576,7513445,950.0,118.75,,950.0,33.75276232,-84.42666443,Atlanta,GA,US,0,0.0,1.0,3,https://www.homeaway.com/vacation-rental/p7513445?uni_id=6925993,True,53
577,v1379109,2782.56,347.82,,2782.56,33.80489232,-84.40846298,Atlanta,GA,US,2,5.0,3.0,5,https://www.vrbo.com/1379109?unitId=1937467,True,6
578,v1529248,3200.0,400.0,,3200.0,33.70858642,-84.49579185,Atlanta,GA,US,0,0.0,3.0,4,https://www.vrbo.com/1529248?unitId=2088047,True,77
579,7280889,1000.0,125.0,,1000.0,33.77721411,-84.35320613,Atlanta,GA,US,2,5.0,1.0,1,https://www.homeaway.com/vacation-rental/p7280889?uni_id=6584160,True,47
580,7613730,3438.0,429.75,,3438.0,33.77847153,-84.37845742,Atlanta,GA,US,2,5.0,2.0,3,https://www.homeaway.com/vacation-rental/p7613730?uni_id=7059803,True,373
581,7534692,637.5,79.69,,637.5,33.81933165,-84.3650332,Atlanta,GA,US,0,0.0,1.0,1,https://www.homeaway.com/vacation-rental/p7534692?uni_id=6949711,True,162
582,v1476162,2520.0,315.0,,2520.0,33.76181749,-84.41180001,Atlanta,GA,US,3,4.6666665,2.0,4,https://www.vrbo.com/1476162?unitId=2034782,True,136
583,v1407151,1803.0,225.38,,1803.0,33.72875485,-84.32857477,Atlanta,GA,US,6,3.8333333,1.0,1,https://www.vrbo.com/1407151?unitId=1965525,True,43
584,7475760,1210.0,151.25,,1210.0,33.76496013,-84.44567365,Atlanta,GA,US,0,0.0,1.0,3,https://www.homeaway.com/vacation-rental/p7475760?uni_id=6876403,True,108
585,7182977,1569.4,196.18,,1569.4,33.7567143,-84.3899301,Atlanta,GA,US,1,4.0,2.0,2,https://www.homeaway.com/vacation-rental/p7182977?uni_id=6357198,True,512
586,v1407907,630.0,78.75,,630.0,33.81691136,-84.40708783,Atlanta,GA,US,1,5.0,1.0,1,https://www.vrbo.com/1407907?unitId=1966281,True,513
587,v1428221,1492.45,186.56,,1492.45,33.76870176,-84.4140355,Atlanta,GA,US,2,4.5,3.0,4,https://www.vrbo.com/1428221?unitId=1986733,True,89
588,7411265,1083.0,135.38,,1083.0,33.81098083,-84.36300237,Atlanta,GA,US,2,5.0,1.0,1,https://www.homeaway.com/vacation-rental/p7411265?uni_id=6787537,True,66
589,v1612254,2680.0,335.0,,2680.0,33.76221703,-84.38211982,Atlanta,GA,US,0,0.0,2.0,2,https://www.vrbo.com/1612254?unitId=2173553,True,512
590,v1548682,909.0,113.63,,909.0,33.75002363,-84.42089017,Atlanta,GA,US,2,5.0,2.0,3,https://www.vrbo.com/1548682?unitId=2108430,True,26
591,7466832,1800.0,225.0,,1800.0,33.7612191,-84.3737946,Atlanta,GA,US,0,0.0,2.0,2,https://www.homeaway.com/vacation-rental/p7466832?uni_id=6864317,True,132
592,7695319,800.0,100.0,,800.0,33.74774074,-84.41042224,Atlanta,GA,US,0,0.0,1.0,1,https://www.homeaway.com/vacation-rental/p7695319?uni_id=7163949,True,5
593,7121353,632.0,79.0,,632.0,33.7366132,-84.3450233,Atlanta,GA,US,0,0.0,1.0,0,https://www.homeaway.com/vacation-rental/p7121353?uni_id=6265484,True,43
594,v1456754,920.0,115.0,,920.0,33.71022448,-84.50820398,Atlanta,GA,US,1,5.0,1.0,3,https://www.vrbo.com/1456754?unitId=2015339,True,513
595,v1475844,4346.9,543.36,,4346.9,33.74361784,-84.34288613,Atlanta,GA,US,9,5.0,3.0,5,https://www.vrbo.com/1475844?unitId=2034464,True,43
596,v1478770,1160.0,145.0,,1160.0,33.70606063,-84.4131802,Atlanta,GA,US,0,0.0,2.0,3,https://www.vrbo.com/1478770?unitId=2037394,True,105
597,v1610332,1785.0,223.13,,1785.0,33.7851682,-84.39998879999999,Atlanta,GA,US,0,0.0,3.0,3,https://www.vrbo.com/1610332?unitId=2171631,True,96
598,7408332,871.2,108.9,,871.2,33.79204009,-84.40015898,Atlanta,GA,US,2,4.5,1.0,1,https://www.homeaway.com/vacation-rental/p7408332?uni_id=6784023,True,62
599,v908393,940.0,117.5,,940.0,33.76256,-84.387878,Atlanta,GA,US,1,5.0,1.0,1,https://www.vrbo.com/908393?unitId=1456334,True,512
600,4477392,1999.92,249.99,,1999.92,33.8375326,-84.3783327,Atlanta,GA,US,0,0.0,2.0,2,https://www.homeaway.com/vacation-rental/p4477392?uni_id=5065703,True,59
601,7154828,1000.0,125.0,,1000.0,33.73509,-84.43954000000001,Atlanta,GA,US,3,4.0,1.0,2,https://www.homeaway.com/vacation-rental/p7154828?uni_id=6317760,True,59
602,7539397,1425.0,178.13,,1425.0,33.74845248,-84.44112954,Atlanta,GA,US,2,5.0,3.0,3,https://www.homeaway.com/vacation-rental/p7539397?uni_id=6957908,True,53
603,7183098,682.96,85.37,,682.96,33.7490628,-84.4430096,Atlanta,GA,US,2,3.0,1.0,1,https://www.homeaway.com/vacation-rental/p7183098?uni_id=6357330,True,513
604,7307561,1544.24,193.03,,1544.24,33.75809824,-84.38492025,Atlanta,GA,US,6,4.5,1.0,1,https://www.homeaway.com/vacation-rental/p7307561?uni_id=6628110,True,512
605,7592311,1800.0,225.0,,1800.0,33.71598,-84.46305,Atlanta,GA,US,2,5.0,2.0,3,https://www.homeaway.com/vacation-rental/p7592311?uni_id=7034790,True,30
606,7582889,936.0,117.0,,936.0,33.80481567,-84.41402792,Atlanta,GA,US,7,5.0,1.0,2,https://www.homeaway.com/vacation-rental/p7582889?uni_id=7020439,True,61
607,7541867,1320.6,165.08,,1320.6,33.77200111,-84.48349862,Atlanta,GA,US,1,5.0,2.0,3,https://www.homeaway.com/vacation-rental/p7541867?uni_id=6962611,True,57
608,v1527165,3520.0,440.0,,3520.0,33.76586734,-84.40668794,Atlanta,GA,US,3,5.0,2.0,3,https://www.vrbo.com/1527165?unitId=2085964,True,89
609,7363238,5021.7,627.71,,5021.7,33.83002458,-84.43138836,Atlanta,GA,US,3,4.6666665,6.0,7,https://www.homeaway.com/vacation-rental/p7363238?uni_id=6721744,True,4
610,7777393,792.0,99.0,,792.0,33.77628865,-84.3833116,Atlanta,GA,US,0,0.0,1.0,1,https://www.homeaway.com/vacation-rental/p7777393?uni_id=7446858,True,373
611,7557014,720.0,90.0,,720.0,33.80352701,-84.39533567,Atlanta,GA,US,0,0.0,1.0,2,https://www.homeaway.com/vacation-rental/p7557014?uni_id=6982107,True,11
612,v1511994,1200.0,150.0,,1200.0,33.73465564,-84.40467431,Atlanta,GA,US,0,0.0,2.0,3,https://www.vrbo.com/1511994?unitId=2070787,True,85
613,v1581243,680.0,85.0,,680.0,33.70143466,-84.49602482,Atlanta,GA,US,0,0.0,2.0,2,https://www.vrbo.com/1581243?unitId=2142501,True,77
614,v1403296,1272.0,159.0,,1272.0,33.76555068,-84.38167933,Atlanta,GA,US,0,0.0,1.0,1,https://www.vrbo.com/1403296?unitId=1961669,True,132
615,7530290,900.0,112.5,,900.0,33.82021824,-84.3676488,Atlanta,GA,US,1,5.0,2.0,1,https://www.homeaway.com/vacation-rental/p7530290?uni_id=6944088,True,162
616,4477392,1999.92,249.99,,1999.92,33.8375326,-84.3783327,Atlanta,GA,US,0,0.0,2.0,2,https://www.homeaway.com/vacation-rental/p4477392?uni_id=5065703,True,59
617,7442119,1536.0,192.0,,1536.0,33.72373333,-84.38005854,Atlanta,GA,US,0,0.0,2.0,4,https://www.homeaway.com/vacation-rental/p7442119?uni_id=6828942,True,9
618,v1527165,3520.0,440.0,,3520.0,33.76586734,-84.40668794,Atlanta,GA,US,3,5.0,2.0,3,https://www.vrbo.com/1527165?unitId=2085964,True,89
619,7541867,1320.6,165.08,,1320.6,33.77200111,-84.48349862,Atlanta,GA,US,1,5.0,2.0,3,https://www.homeaway.com/vacation-rental/p7541867?uni_id=6962611,True,57
620,v1363386,1042.19,130.27,,1042.19,33.76617973,-84.41991367,Atlanta,GA,US,0,0.0,2.0,3,https://www.vrbo.com/1363386?unitId=1921738,True,36
621,7355498,1552.5,194.06,,1552.5,33.79693304,-84.39710909,Atlanta,GA,US,1,1.0,2.0,2,https://www.homeaway.com/vacation-rental/p7355498?uni_id=6711706,True,59
622,v1557192,1853.0,231.63,,1853.0,33.78774012,-84.38900344,Atlanta,GA,US,1,5.0,2.0,2,https://www.vrbo.com/1557192?unitId=2116977,True,373
623,7363238,5021.7,627.71,,5021.7,33.83002458,-84.43138836,Atlanta,GA,US,3,4.6666665,6.0,7,https://www.homeaway.com/vacation-rental/p7363238?uni_id=6721744,True,4
624,7364708,2312.0,289.0,,2312.0,33.8513933,-84.3803647,Atlanta,GA,US,0,0.0,2.0,3,https://www.homeaway.com/vacation-rental/p7364708?uni_id=6723367,True,50
625,7557014,720.0,90.0,,720.0,33.80352701,-84.39533567,Atlanta,GA,US,0,0.0,1.0,2,https://www.homeaway.com/vacation-rental/p7557014?uni_id=6982107,True,11
626,v1481596,1241.6,155.2,,1241.6,33.777803999999996,-84.377868,Atlanta,GA,US,1,5.0,1.0,2,https://www.vrbo.com/1481596?unitId=2040224,True,373
627,7422755,1400.0,175.0,,1400.0,33.76032772,-84.38467933,Atlanta,GA,US,0,0.0,1.0,1,https://www.homeaway.com/vacation-rental/p7422755?uni_id=6800801,True,512
628,7367490,1080.0,135.0,,1080.0,33.77803979,-84.38063352,Atlanta,GA,US,4,5.0,1.0,1,https://www.homeaway.com/vacation-rental/p7367490?uni_id=6726476,True,373
629,7482950,1058.2,132.28,,1058.2,33.78653617,-84.37274525,Atlanta,GA,US,0,0.0,1.0,1,https://www.homeaway.com/vacation-rental/p7482950?uni_id=6887514,True,513
630,7482956,2038.3,254.79,,2038.3,33.7676951,-84.386915,Atlanta,GA,US,0,0.0,1.0,1,https://www.homeaway.com/vacation-rental/p7482956?uni_id=6887520,True,512
631,7482959,1704.56,213.07,,1704.56,33.76560225,-84.38494048,Atlanta,GA,US,0,0.0,2.0,2,https://www.homeaway.com/vacation-rental/p7482959?uni_id=6887523,True,512
632,7496652,2139.0,267.38,,2139.0,33.72989143,-84.38330987,Atlanta,GA,US,3,4.3333335,2.0,3,https://www.homeaway.com/vacation-rental/p7496652?uni_id=6903260,True,43
633,v1511994,1200.0,150.0,,1200.0,33.73465564,-84.40467431,Atlanta,GA,US,0,0.0,2.0,3,https://www.vrbo.com/1511994?unitId=2070787,True,85
634,v1481901,1216.0,152.0,,1216.0,33.68561446,-84.53006979,Atlanta,GA,US,0,0.0,2.0,3,https://www.vrbo.com/1481901?unitId=2040529,True,7
635,7355498,1552.5,194.06,,1552.5,33.79693304,-84.39710909,Atlanta,GA,US,1,1.0,2.0,2,https://www.homeaway.com/vacation-rental/p7355498?uni_id=6711706,True,59
636,v1363386,1042.19,130.27,,1042.19,33.76617973,-84.41991367,Atlanta,GA,US,0,0.0,2.0,3,https://www.vrbo.com/1363386?unitId=1921738,True,36
637,v1557192,1853.0,231.63,,1853.0,33.78774012,-84.38900344,Atlanta,GA,US,1,5.0,2.0,2,https://www.vrbo.com/1557192?unitId=2116977,True,373
638,v1612636,1150.0,143.75,,1150.0,33.76125951,-84.39620377,Atlanta,GA,US,1,3.0,1.0,1,https://www.vrbo.com/1612636?unitId=2173935,True,512
639,v1626568,1776.0,222.0,,1776.0,33.7805381,-84.40853831,Atlanta,GA,US,0,0.0,2.0,2,https://www.vrbo.com/1626568?unitId=2187891,True,96
640,7388823,3032.4,379.05,,3032.4,33.78873862,-84.39522545,Atlanta,GA,US,0,0.0,3.0,3,https://www.homeaway.com/vacation-rental/p7388823?uni_id=6758422,True,96
641,v1523074,1972.0,246.5,,1972.0,33.76897517,-84.40839351,Atlanta,GA,US,4,4.75,3.0,4,https://www.vrbo.com/1523074?unitId=2081870,True,89
642,7195563,588.0,73.5,,588.0,33.73766398,-84.41648249,Atlanta,GA,US,0,0.0,1.0,1,https://www.homeaway.com/vacation-rental/p7195563?uni_id=6370454,True,159
643,7122195,1049.6,131.2,,1049.6,33.80223298,-84.37188621,Atlanta,GA,US,2,5.0,2.0,3,https://www.homeaway.com/vacation-rental/p7122195?uni_id=6266347,True,61
644,7263754,2400.0,300.0,,2400.0,33.72782165,-84.38551713,Atlanta,GA,US,0,0.0,2.0,3,https://www.homeaway.com/vacation-rental/p7263754?uni_id=6555807,True,43
645,7400048,1788.0,223.5,,1788.0,33.7352044,-84.45227840000001,Atlanta,GA,US,0,0.0,2.0,3,https://www.homeaway.com/vacation-rental/p7400048?uni_id=6772671,True,9
646,7603142,1800.0,225.0,,1800.0,33.77304694,-84.35756734,Atlanta,GA,US,1,5.0,2.0,3,https://www.homeaway.com/vacation-rental/p7603142?uni_id=7047920,True,30
647,v1461223,1336.0,167.0,,1336.0,33.770757,-84.366168,Atlanta,GA,US,0,0.0,1.0,1,https://www.vrbo.com/1461223?unitId=2019809,True,132
648,v1461218,1272.0,159.0,,1272.0,33.765381,-84.36555,Atlanta,GA,US,0,0.0,1.0,1,https://www.vrbo.com/1461218?unitId=2019804,True,132
649,v1461206,1655.0,206.88,,1655.0,33.818559,-84.366248,Atlanta,GA,US,0,0.0,2.0,2,https://www.vrbo.com/1461206?unitId=2019792,True,162
650,v1461214,1788.0,223.5,,1788.0,33.76893,-84.366516,Atlanta,GA,US,1,2.0,2.0,2,https://www.vrbo.com/1461214?unitId=2019800,True,132
651,v1461220,1721.0,215.13,,1721.0,33.765381,-84.36555,Atlanta,GA,US,1,5.0,2.0,2,https://www.vrbo.com/1461220?unitId=2019806,True,132
652,7553430,2800.0,350.0,,2800.0,33.75235362,-84.39134346,Atlanta,GA,US,0,0.0,2.0,2,https://www.homeaway.com/vacation-rental/p7553430?uni_id=6977374,True,512
653,7526135,1400.0,175.0,,1400.0,33.71343186,-84.41629718,Atlanta,GA,US,2,5.0,2.0,3,https://www.homeaway.com/vacation-rental/p7526135?uni_id=6939079,True,105
654,v916198,3680.0,460.0,,3680.0,33.81231996,-84.3657801,Atlanta,GA,US,0,0.0,1.0,2,https://www.vrbo.com/916198?unitId=1464139,True,66
655,7497306,708.0,88.5,,708.0,33.92653128,-84.50838813,Marietta,GA,US,0,0.0,1.0,1,https://www.homeaway.com/vacation-rental/p7497306?uni_id=6904127,True,513
656,7497307,681.0,85.13,,681.0,33.92984922,-84.50301318,Marietta,GA,US,0,0.0,1.0,1,https://www.homeaway.com/vacation-rental/p7497307?uni_id=6904128,True,513
657,v1380627,1432.8,179.1,,1432.8,33.889193,-84.27671099999999,Atlanta,GA,US,7,5.0,2.0,3,https://www.vrbo.com/1380627?unitId=1938985,True,513
658,7178573,1320.0,165.0,,1320.0,33.72159902,-84.32046871,Atlanta,GA,US,0,0.0,2.0,3,https://www.homeaway.com/vacation-rental/p7178573?uni_id=6350056,True,513
659,v1378107,4301.6,537.7,,4301.6,33.71769888,-84.66990001,Douglasville,GA,US,0,0.0,3.0,7,https://www.vrbo.com/1378107?unitId=1936464,True,513
660,7301123,4180.0,522.5,,4180.0,33.65777138,-84.56028997,Atlanta,GA,US,0,0.0,3.0,6,https://www.homeaway.com/vacation-rental/p7301123?uni_id=6617987,True,513
661,7112742,960.0,120.0,,960.0,33.77238574,-84.18468605,Stone Mountain,GA,US,6,4.6666665,2.0,3,https://www.homeaway.com/vacation-rental/p7112742?uni_id=6262077,True,513
662,v1437224,1450.8,181.35,,1450.8,33.72264758,-84.31194471,Atlanta,GA,US,1,5.0,2.0,3,https://www.vrbo.com/1437224?unitId=1995766,True,513
663,4895408,877.2,109.65,,877.2,33.662420000000004,-84.42955,East Point,GA,US,0,0.0,1.0,0,https://www.homeaway.com/vacation-rental/p4895408?uni_id=5971050,True,513
